DateKey,CalendarDate,MonthNumber,CalendarQuarter,CalendarYear,DayOfWeek,DayOfWeekName,DayOfYear
d1,2015-01-01,1,1,2015,5,Thursday,1
d2,2015-01-02,1,1,2015,6,Friday,2
d3,2015-01-03,1,1,2015,7,Saturday,3
d4,2015-01-04,1,1,2015,1,Sunday,4
d5,2015-01-05,1,1,2015,2,Monday,5
d6,2015-01-06,1,1,2015,3,Tuesday,6
d7,2015-01-07,1,1,2015,4,Wednesday,7
d8,2015-01-08,1,1,2015,5,Thursday,8
d9,2015-01-09,1,1,2015,6,Friday,9
d10,2015-01-10,1,1,2015,7,Saturday,10
d11,2015-01-11,1,1,2015,1,Sunday,11
d12,2015-01-12,1,1,2015,2,Monday,12
d13,2015-01-13,1,1,2015,3,Tuesday,13
d14,2015-01-14,1,1,2015,4,Wednesday,14
d15,2015-01-15,1,1,2015,5,Thursday,15
d16,2015-01-16,1,1,2015,6,Friday,16
d17,2015-01-17,1,1,2015,7,Saturday,17
d18,2015-01-18,1,1,2015,1,Sunday,18
d19,2015-01-19,1,1,2015,2,Monday,19
d20,2015-01-20,1,1,2015,3,Tuesday,20
d21,2015-01-21,1,1,2015,4,Wednesday,21
d22,2015-01-22,1,1,2015,5,Thursday,22
d23,2015-01-23,1,1,2015,6,Friday,23
d24,2015-01-24,1,1,2015,7,Saturday,24
d25,2015-01-25,1,1,2015,1,Sunday,25
d26,2015-01-26,1,1,2015,2,Monday,26
d27,2015-01-27,1,1,2015,3,Tuesday,27
d28,2015-01-28,1,1,2015,4,Wednesday,28
d29,2015-01-29,1,1,2015,5,Thursday,29
d30,2015-01-30,1,1,2015,6,Friday,30
d31,2015-01-31,1,1,2015,7,Saturday,31
d32,2015-02-01,2,1,2015,1,Sunday,32
d33,2015-02-02,2,1,2015,2,Monday,33
d34,2015-02-03,2,1,2015,3,Tuesday,34
d35,2015-02-04,2,1,2015,4,Wednesday,35
d36,2015-02-05,2,1,2015,5,Thursday,36
d37,2015-02-06,2,1,2015,6,Friday,37
d38,2015-02-07,2,1,2015,7,Saturday,38
d39,2015-02-08,2,1,2015,1,Sunday,39
d40,2015-02-09,2,1,2015,2,Monday,40
d41,2015-02-10,2,1,2015,3,Tuesday,41
d42,2015-02-11,2,1,2015,4,Wednesday,42
d43,2015-02-12,2,1,2015,5,Thursday,43
d44,2015-02-13,2,1,2015,6,Friday,44
d45,2015-02-14,2,1,2015,7,Saturday,45
d46,2015-02-15,2,1,2015,1,Sunday,46
d47,2015-02-16,2,1,2015,2,Monday,47
d48,2015-02-17,2,1,2015,3,Tuesday,48
d49,2015-02-18,2,1,2015,4,Wednesday,49
d50,2015-02-19,2,1,2015,5,Thursday,50
d51,2015-02-20,2,1,2015,6,Friday,51
d52,2015-02-21,2,1,2015,7,Saturday,52
d53,2015-02-22,2,1,2015,1,Sunday,53
d54,2015-02-23,2,1,2015,2,Monday,54
d55,2015-02-24,2,1,2015,3,Tuesday,55
d56,2015-02-25,2,1,2015,4,Wednesday,56
d57,2015-02-26,2,1,2015,5,Thursday,57
d58,2015-02-27,2,1,2015,6,Friday,58
d59,2015-02-28,2,1,2015,7,Saturday,59
d60,2015-03-01,3,1,2015,1,Sunday,60
d61,2015-03-02,3,1,2015,2,Monday,61
d62,2015-03-03,3,1,2015,3,Tuesday,62
d63,2015-03-04,3,1,2015,4,Wednesday,63
d64,2015-03-05,3,1,2015,5,Thursday,64
d65,2015-03-06,3,1,2015,6,Friday,65
d66,2015-03-07,3,1,2015,7,Saturday,66
d67,2015-03-08,3,1,2015,1,Sunday,67
d68,2015-03-09,3,1,2015,2,Monday,68
d69,2015-03-10,3,1,2015,3,Tuesday,69
d70,2015-03-11,3,1,2015,4,Wednesday,70
d71,2015-03-12,3,1,2015,5,Thursday,71
d72,2015-03-13,3,1,2015,6,Friday,72
d73,2015-03-14,3,1,2015,7,Saturday,73
d74,2015-03-15,3,1,2015,1,Sunday,74
d75,2015-03-16,3,1,2015,2,Monday,75
d76,2015-03-17,3,1,2015,3,Tuesday,76
d77,2015-03-18,3,1,2015,4,Wednesday,77
d78,2015-03-19,3,1,2015,5,Thursday,78
d79,2015-03-20,3,1,2015,6,Friday,79
d80,2015-03-21,3,1,2015,7,Saturday,80
d81,2015-03-22,3,1,2015,1,Sunday,81
d82,2015-03-23,3,1,2015,2,Monday,82
d83,2015-03-24,3,1,2015,3,Tuesday,83
d84,2015-03-25,3,1,2015,4,Wednesday,84
d85,2015-03-26,3,1,2015,5,Thursday,85
d86,2015-03-27,3,1,2015,6,Friday,86
d87,2015-03-28,3,1,2015,7,Saturday,87
d88,2015-03-29,3,1,2015,1,Sunday,88
d89,2015-03-30,3,1,2015,2,Monday,89
d90,2015-03-31,3,1,2015,3,Tuesday,90
d91,2015-04-01,4,2,2015,4,Wednesday,91
d92,2015-04-02,4,2,2015,5,Thursday,92
d93,2015-04-03,4,2,2015,6,Friday,93
d94,2015-04-04,4,2,2015,7,Saturday,94
d95,2015-04-05,4,2,2015,1,Sunday,95
d96,2015-04-06,4,2,2015,2,Monday,96
d97,2015-04-07,4,2,2015,3,Tuesday,97
d98,2015-04-08,4,2,2015,4,Wednesday,98
d99,2015-04-09,4,2,2015,5,Thursday,99
d100,2015-04-10,4,2,2015,6,Friday,100
d101,2015-04-11,4,2,2015,7,Saturday,101
d102,2015-04-12,4,2,2015,1,Sunday,102
d103,2015-04-13,4,2,2015,2,Monday,103
d104,2015-04-14,4,2,2015,3,Tuesday,104
d105,2015-04-15,4,2,2015,4,Wednesday,105
d106,2015-04-16,4,2,2015,5,Thursday,106
d107,2015-04-17,4,2,2015,6,Friday,107
d108,2015-04-18,4,2,2015,7,Saturday,108
d109,2015-04-19,4,2,2015,1,Sunday,109
d110,2015-04-20,4,2,2015,2,Monday,110
d111,2015-04-21,4,2,2015,3,Tuesday,111
d112,2015-04-22,4,2,2015,4,Wednesday,112
d113,2015-04-23,4,2,2015,5,Thursday,113
d114,2015-04-24,4,2,2015,6,Friday,114
d115,2015-04-25,4,2,2015,7,Saturday,115
d116,2015-04-26,4,2,2015,1,Sunday,116
d117,2015-04-27,4,2,2015,2,Monday,117
d118,2015-04-28,4,2,2015,3,Tuesday,118
d119,2015-04-29,4,2,2015,4,Wednesday,119
d120,2015-04-30,4,2,2015,5,Thursday,120
d121,2015-05-01,5,2,2015,6,Friday,121
d122,2015-05-02,5,2,2015,7,Saturday,122
d123,2015-05-03,5,2,2015,1,Sunday,123
d124,2015-05-04,5,2,2015,2,Monday,124
d125,2015-05-05,5,2,2015,3,Tuesday,125
d126,2015-05-06,5,2,2015,4,Wednesday,126
d127,2015-05-07,5,2,2015,5,Thursday,127
d128,2015-05-08,5,2,2015,6,Friday,128
d129,2015-05-09,5,2,2015,7,Saturday,129
d130,2015-05-10,5,2,2015,1,Sunday,130
d131,2015-05-11,5,2,2015,2,Monday,131
d132,2015-05-12,5,2,2015,3,Tuesday,132
d133,2015-05-13,5,2,2015,4,Wednesday,133
d134,2015-05-14,5,2,2015,5,Thursday,134
d135,2015-05-15,5,2,2015,6,Friday,135
d136,2015-05-16,5,2,2015,7,Saturday,136
d137,2015-05-17,5,2,2015,1,Sunday,137
d138,2015-05-18,5,2,2015,2,Monday,138
d139,2015-05-19,5,2,2015,3,Tuesday,139
d140,2015-05-20,5,2,2015,4,Wednesday,140
d141,2015-05-21,5,2,2015,5,Thursday,141
d142,2015-05-22,5,2,2015,6,Friday,142
d143,2015-05-23,5,2,2015,7,Saturday,143
d144,2015-05-24,5,2,2015,1,Sunday,144
d145,2015-05-25,5,2,2015,2,Monday,145
d146,2015-05-26,5,2,2015,3,Tuesday,146
d147,2015-05-27,5,2,2015,4,Wednesday,147
d148,2015-05-28,5,2,2015,5,Thursday,148
d149,2015-05-29,5,2,2015,6,Friday,149
d150,2015-05-30,5,2,2015,7,Saturday,150
d151,2015-05-31,5,2,2015,1,Sunday,151
d152,2015-06-01,6,2,2015,2,Monday,152
d153,2015-06-02,6,2,2015,3,Tuesday,153
d154,2015-06-03,6,2,2015,4,Wednesday,154
d155,2015-06-04,6,2,2015,5,Thursday,155
d156,2015-06-05,6,2,2015,6,Friday,156
d157,2015-06-06,6,2,2015,7,Saturday,157
d158,2015-06-07,6,2,2015,1,Sunday,158
d159,2015-06-08,6,2,2015,2,Monday,159
d160,2015-06-09,6,2,2015,3,Tuesday,160
d161,2015-06-10,6,2,2015,4,Wednesday,161
d162,2015-06-11,6,2,2015,5,Thursday,162
d163,2015-06-12,6,2,2015,6,Friday,163
d164,2015-06-13,6,2,2015,7,Saturday,164
d165,2015-06-14,6,2,2015,1,Sunday,165
d166,2015-06-15,6,2,2015,2,Monday,166
d167,2015-06-16,6,2,2015,3,Tuesday,167
d168,2015-06-17,6,2,2015,4,Wednesday,168
d169,2015-06-18,6,2,2015,5,Thursday,169
d170,2015-06-19,6,2,2015,6,Friday,170
d171,2015-06-20,6,2,2015,7,Saturday,171
d172,2015-06-21,6,2,2015,1,Sunday,172
d173,2015-06-22,6,2,2015,2,Monday,173
d174,2015-06-23,6,2,2015,3,Tuesday,174
d175,2015-06-24,6,2,2015,4,Wednesday,175
d176,2015-06-25,6,2,2015,5,Thursday,176
d177,2015-06-26,6,2,2015,6,Friday,177
d178,2015-06-27,6,2,2015,7,Saturday,178
d179,2015-06-28,6,2,2015,1,Sunday,179
d180,2015-06-29,6,2,2015,2,Monday,180
d181,2015-06-30,6,2,2015,3,Tuesday,181
d182,2015-07-01,7,3,2015,4,Wednesday,182
d183,2015-07-02,7,3,2015,5,Thursday,183
d184,2015-07-03,7,3,2015,6,Friday,184
d185,2015-07-04,7,3,2015,7,Saturday,185
d186,2015-07-05,7,3,2015,1,Sunday,186
d187,2015-07-06,7,3,2015,2,Monday,187
d188,2015-07-07,7,3,2015,3,Tuesday,188
d189,2015-07-08,7,3,2015,4,Wednesday,189
d190,2015-07-09,7,3,2015,5,Thursday,190
d191,2015-07-10,7,3,2015,6,Friday,191
d192,2015-07-11,7,3,2015,7,Saturday,192
d193,2015-07-12,7,3,2015,1,Sunday,193
d194,2015-07-13,7,3,2015,2,Monday,194
d195,2015-07-14,7,3,2015,3,Tuesday,195
d196,2015-07-15,7,3,2015,4,Wednesday,196
d197,2015-07-16,7,3,2015,5,Thursday,197
d198,2015-07-17,7,3,2015,6,Friday,198
d199,2015-07-18,7,3,2015,7,Saturday,199
d200,2015-07-19,7,3,2015,1,Sunday,200
d201,2015-07-20,7,3,2015,2,Monday,201
d202,2015-07-21,7,3,2015,3,Tuesday,202
d203,2015-07-22,7,3,2015,4,Wednesday,203
d204,2015-07-23,7,3,2015,5,Thursday,204
d205,2015-07-24,7,3,2015,6,Friday,205
d206,2015-07-25,7,3,2015,7,Saturday,206
d207,2015-07-26,7,3,2015,1,Sunday,207
d208,2015-07-27,7,3,2015,2,Monday,208
d209,2015-07-28,7,3,2015,3,Tuesday,209
d210,2015-07-29,7,3,2015,4,Wednesday,210
d211,2015-07-30,7,3,2015,5,Thursday,211
d212,2015-07-31,7,3,2015,6,Friday,212
d213,2015-08-01,8,3,2015,7,Saturday,213
d214,2015-08-02,8,3,2015,1,Sunday,214
d215,2015-08-03,8,3,2015,2,Monday,215
d216,2015-08-04,8,3,2015,3,Tuesday,216
d217,2015-08-05,8,3,2015,4,Wednesday,217
d218,2015-08-06,8,3,2015,5,Thursday,218
d219,2015-08-07,8,3,2015,6,Friday,219
d220,2015-08-08,8,3,2015,7,Saturday,220
d221,2015-08-09,8,3,2015,1,Sunday,221
d222,2015-08-10,8,3,2015,2,Monday,222
d223,2015-08-11,8,3,2015,3,Tuesday,223
d224,2015-08-12,8,3,2015,4,Wednesday,224
d225,2015-08-13,8,3,2015,5,Thursday,225
d226,2015-08-14,8,3,2015,6,Friday,226
d227,2015-08-15,8,3,2015,7,Saturday,227
d228,2015-08-16,8,3,2015,1,Sunday,228
d229,2015-08-17,8,3,2015,2,Monday,229
d230,2015-08-18,8,3,2015,3,Tuesday,230
d231,2015-08-19,8,3,2015,4,Wednesday,231
d232,2015-08-20,8,3,2015,5,Thursday,232
d233,2015-08-21,8,3,2015,6,Friday,233
d234,2015-08-22,8,3,2015,7,Saturday,234
d235,2015-08-23,8,3,2015,1,Sunday,235
d236,2015-08-24,8,3,2015,2,Monday,236
d237,2015-08-25,8,3,2015,3,Tuesday,237
d238,2015-08-26,8,3,2015,4,Wednesday,238
d239,2015-08-27,8,3,2015,5,Thursday,239
d240,2015-08-28,8,3,2015,6,Friday,240
d241,2015-08-29,8,3,2015,7,Saturday,241
d242,2015-08-30,8,3,2015,1,Sunday,242
d243,2015-08-31,8,3,2015,2,Monday,243
d244,2015-09-01,9,3,2015,3,Tuesday,244
d245,2015-09-02,9,3,2015,4,Wednesday,245
d246,2015-09-03,9,3,2015,5,Thursday,246
d247,2015-09-04,9,3,2015,6,Friday,247
d248,2015-09-05,9,3,2015,7,Saturday,248
d249,2015-09-06,9,3,2015,1,Sunday,249
d250,2015-09-07,9,3,2015,2,Monday,250
d251,2015-09-08,9,3,2015,3,Tuesday,251
d252,2015-09-09,9,3,2015,4,Wednesday,252
d253,2015-09-10,9,3,2015,5,Thursday,253
d254,2015-09-11,9,3,2015,6,Friday,254
d255,2015-09-12,9,3,2015,7,Saturday,255
d256,2015-09-13,9,3,2015,1,Sunday,256
d257,2015-09-14,9,3,2015,2,Monday,257
d258,2015-09-15,9,3,2015,3,Tuesday,258
d259,2015-09-16,9,3,2015,4,Wednesday,259
d260,2015-09-17,9,3,2015,5,Thursday,260
d261,2015-09-18,9,3,2015,6,Friday,261
d262,2015-09-19,9,3,2015,7,Saturday,262
d263,2015-09-20,9,3,2015,1,Sunday,263
d264,2015-09-21,9,3,2015,2,Monday,264
d265,2015-09-22,9,3,2015,3,Tuesday,265
d266,2015-09-23,9,3,2015,4,Wednesday,266
d267,2015-09-24,9,3,2015,5,Thursday,267
d268,2015-09-25,9,3,2015,6,Friday,268
d269,2015-09-26,9,3,2015,7,Saturday,269
d270,2015-09-27,9,3,2015,1,Sunday,270
d271,2015-09-28,9,3,2015,2,Monday,271
d272,2015-09-29,9,3,2015,3,Tuesday,272
d273,2015-09-30,9,3,2015,4,Wednesday,273
d274,2015-10-01,10,4,2015,5,Thursday,274
d275,2015-10-02,10,4,2015,6,Friday,275
d276,2015-10-03,10,4,2015,7,Saturday,276
d277,2015-10-04,10,4,2015,1,Sunday,277
d278,2015-10-05,10,4,2015,2,Monday,278
d279,2015-10-06,10,4,2015,3,Tuesday,279
d280,2015-10-07,10,4,2015,4,Wednesday,280
d281,2015-10-08,10,4,2015,5,Thursday,281
d282,2015-10-09,10,4,2015,6,Friday,282
d283,2015-10-10,10,4,2015,7,Saturday,283
d284,2015-10-11,10,4,2015,1,Sunday,284
d285,2015-10-12,10,4,2015,2,Monday,285
d286,2015-10-13,10,4,2015,3,Tuesday,286
d287,2015-10-14,10,4,2015,4,Wednesday,287
d288,2015-10-15,10,4,2015,5,Thursday,288
d289,2015-10-16,10,4,2015,6,Friday,289
d290,2015-10-17,10,4,2015,7,Saturday,290
d291,2015-10-18,10,4,2015,1,Sunday,291
d292,2015-10-19,10,4,2015,2,Monday,292
d293,2015-10-20,10,4,2015,3,Tuesday,293
d294,2015-10-21,10,4,2015,4,Wednesday,294
d295,2015-10-22,10,4,2015,5,Thursday,295
d296,2015-10-23,10,4,2015,6,Friday,296
d297,2015-10-24,10,4,2015,7,Saturday,297
d298,2015-10-25,10,4,2015,1,Sunday,298
d299,2015-10-26,10,4,2015,2,Monday,299
d300,2015-10-27,10,4,2015,3,Tuesday,300
d301,2015-10-28,10,4,2015,4,Wednesday,301
d302,2015-10-29,10,4,2015,5,Thursday,302
d303,2015-10-30,10,4,2015,6,Friday,303
d304,2015-10-31,10,4,2015,7,Saturday,304
d305,2015-11-01,11,4,2015,1,Sunday,305
d306,2015-11-02,11,4,2015,2,Monday,306
d307,2015-11-03,11,4,2015,3,Tuesday,307
d308,2015-11-04,11,4,2015,4,Wednesday,308
d309,2015-11-05,11,4,2015,5,Thursday,309
d310,2015-11-06,11,4,2015,6,Friday,310
d311,2015-11-07,11,4,2015,7,Saturday,311
d312,2015-11-08,11,4,2015,1,Sunday,312
d313,2015-11-09,11,4,2015,2,Monday,313
d314,2015-11-10,11,4,2015,3,Tuesday,314
d315,2015-11-11,11,4,2015,4,Wednesday,315
d316,2015-11-12,11,4,2015,5,Thursday,316
d317,2015-11-13,11,4,2015,6,Friday,317
d318,2015-11-14,11,4,2015,7,Saturday,318
d319,2015-11-15,11,4,2015,1,Sunday,319
d320,2015-11-16,11,4,2015,2,Monday,320
d321,2015-11-17,11,4,2015,3,Tuesday,321
d322,2015-11-18,11,4,2015,4,Wednesday,322
d323,2015-11-19,11,4,2015,5,Thursday,323
d324,2015-11-20,11,4,2015,6,Friday,324
d325,2015-11-21,11,4,2015,7,Saturday,325
d326,2015-11-22,11,4,2015,1,Sunday,326
d327,2015-11-23,11,4,2015,2,Monday,327
d328,2015-11-24,11,4,2015,3,Tuesday,328
d329,2015-11-25,11,4,2015,4,Wednesday,329
d330,2015-11-26,11,4,2015,5,Thursday,330
d331,2015-11-27,11,4,2015,6,Friday,331
d332,2015-11-28,11,4,2015,7,Saturday,332
d333,2015-11-29,11,4,2015,1,Sunday,333
d334,2015-11-30,11,4,2015,2,Monday,334
d335,2015-12-01,12,4,2015,3,Tuesday,335
d336,2015-12-02,12,4,2015,4,Wednesday,336
d337,2015-12-03,12,4,2015,5,Thursday,337
d338,2015-12-04,12,4,2015,6,Friday,338
d339,2015-12-05,12,4,2015,7,Saturday,339
d340,2015-12-06,12,4,2015,1,Sunday,340
d341,2015-12-07,12,4,2015,2,Monday,341
d342,2015-12-08,12,4,2015,3,Tuesday,342
d343,2015-12-09,12,4,2015,4,Wednesday,343
d344,2015-12-10,12,4,2015,5,Thursday,344
d345,2015-12-11,12,4,2015,6,Friday,345
d346,2015-12-12,12,4,2015,7,Saturday,346
d347,2015-12-13,12,4,2015,1,Sunday,347
d348,2015-12-14,12,4,2015,2,Monday,348
d349,2015-12-15,12,4,2015,3,Tuesday,349
d350,2015-12-16,12,4,2015,4,Wednesday,350
d351,2015-12-17,12,4,2015,5,Thursday,351
d352,2015-12-18,12,4,2015,6,Friday,352
d353,2015-12-19,12,4,2015,7,Saturday,353
d354,2015-12-20,12,4,2015,1,Sunday,354
d355,2015-12-21,12,4,2015,2,Monday,355
d356,2015-12-22,12,4,2015,3,Tuesday,356
d357,2015-12-23,12,4,2015,4,Wednesday,357
d358,2015-12-24,12,4,2015,5,Thursday,358
d359,2015-12-25,12,4,2015,6,Friday,359
d360,2015-12-26,12,4,2015,7,Saturday,360
d361,2015-12-27,12,4,2015,1,Sunday,361
d362,2015-12-28,12,4,2015,2,Monday,362
d363,2015-12-29,12,4,2015,3,Tuesday,363
d364,2015-12-30,12,4,2015,4,Wednesday,364
d365,2015-12-31,12,4,2015,5,Thursday,365
d366,2016-01-01,1,1,2016,6,Friday,1
d367,2016-01-02,1,1,2016,7,Saturday,2
d368,2016-01-03,1,1,2016,1,Sunday,3
d369,2016-01-04,1,1,2016,2,Monday,4
d370,2016-01-05,1,1,2016,3,Tuesday,5
d371,2016-01-06,1,1,2016,4,Wednesday,6
d372,2016-01-07,1,1,2016,5,Thursday,7
d373,2016-01-08,1,1,2016,6,Friday,8
d374,2016-01-09,1,1,2016,7,Saturday,9
d375,2016-01-10,1,1,2016,1,Sunday,10
d376,2016-01-11,1,1,2016,2,Monday,11
d377,2016-01-12,1,1,2016,3,Tuesday,12
d378,2016-01-13,1,1,2016,4,Wednesday,13
d379,2016-01-14,1,1,2016,5,Thursday,14
d380,2016-01-15,1,1,2016,6,Friday,15
d381,2016-01-16,1,1,2016,7,Saturday,16
d382,2016-01-17,1,1,2016,1,Sunday,17
d383,2016-01-18,1,1,2016,2,Monday,18
d384,2016-01-19,1,1,2016,3,Tuesday,19
d385,2016-01-20,1,1,2016,4,Wednesday,20
d386,2016-01-21,1,1,2016,5,Thursday,21
d387,2016-01-22,1,1,2016,6,Friday,22
d388,2016-01-23,1,1,2016,7,Saturday,23
d389,2016-01-24,1,1,2016,1,Sunday,24
d390,2016-01-25,1,1,2016,2,Monday,25
d391,2016-01-26,1,1,2016,3,Tuesday,26
d392,2016-01-27,1,1,2016,4,Wednesday,27
d393,2016-01-28,1,1,2016,5,Thursday,28
d394,2016-01-29,1,1,2016,6,Friday,29
d395,2016-01-30,1,1,2016,7,Saturday,30
d396,2016-01-31,1,1,2016,1,Sunday,31
d397,2016-02-01,2,1,2016,2,Monday,32
d398,2016-02-02,2,1,2016,3,Tuesday,33
d399,2016-02-03,2,1,2016,4,Wednesday,34
d400,2016-02-04,2,1,2016,5,Thursday,35
d401,2016-02-05,2,1,2016,6,Friday,36
d402,2016-02-06,2,1,2016,7,Saturday,37
d403,2016-02-07,2,1,2016,1,Sunday,38
d404,2016-02-08,2,1,2016,2,Monday,39
d405,2016-02-09,2,1,2016,3,Tuesday,40
d406,2016-02-10,2,1,2016,4,Wednesday,41
d407,2016-02-11,2,1,2016,5,Thursday,42
d408,2016-02-12,2,1,2016,6,Friday,43
d409,2016-02-13,2,1,2016,7,Saturday,44
d410,2016-02-14,2,1,2016,1,Sunday,45
d411,2016-02-15,2,1,2016,2,Monday,46
d412,2016-02-16,2,1,2016,3,Tuesday,47
d413,2016-02-17,2,1,2016,4,Wednesday,48
d414,2016-02-18,2,1,2016,5,Thursday,49
d415,2016-02-19,2,1,2016,6,Friday,50
d416,2016-02-20,2,1,2016,7,Saturday,51
d417,2016-02-21,2,1,2016,1,Sunday,52
d418,2016-02-22,2,1,2016,2,Monday,53
d419,2016-02-23,2,1,2016,3,Tuesday,54
d420,2016-02-24,2,1,2016,4,Wednesday,55
d421,2016-02-25,2,1,2016,5,Thursday,56
d422,2016-02-26,2,1,2016,6,Friday,57
d423,2016-02-27,2,1,2016,7,Saturday,58
d424,2016-02-28,2,1,2016,1,Sunday,59
d425,2016-02-29,2,1,2016,2,Monday,60
d426,2016-03-01,3,1,2016,3,Tuesday,61
d427,2016-03-02,3,1,2016,4,Wednesday,62
d428,2016-03-03,3,1,2016,5,Thursday,63
d429,2016-03-04,3,1,2016,6,Friday,64
d430,2016-03-05,3,1,2016,7,Saturday,65
d431,2016-03-06,3,1,2016,1,Sunday,66
d432,2016-03-07,3,1,2016,2,Monday,67
d433,2016-03-08,3,1,2016,3,Tuesday,68
d434,2016-03-09,3,1,2016,4,Wednesday,69
d435,2016-03-10,3,1,2016,5,Thursday,70
d436,2016-03-11,3,1,2016,6,Friday,71
d437,2016-03-12,3,1,2016,7,Saturday,72
d438,2016-03-13,3,1,2016,1,Sunday,73
d439,2016-03-14,3,1,2016,2,Monday,74
d440,2016-03-15,3,1,2016,3,Tuesday,75
d441,2016-03-16,3,1,2016,4,Wednesday,76
d442,2016-03-17,3,1,2016,5,Thursday,77
d443,2016-03-18,3,1,2016,6,Friday,78
d444,2016-03-19,3,1,2016,7,Saturday,79
d445,2016-03-20,3,1,2016,1,Sunday,80
d446,2016-03-21,3,1,2016,2,Monday,81
d447,2016-03-22,3,1,2016,3,Tuesday,82
d448,2016-03-23,3,1,2016,4,Wednesday,83
d449,2016-03-24,3,1,2016,5,Thursday,84
d450,2016-03-25,3,1,2016,6,Friday,85
d451,2016-03-26,3,1,2016,7,Saturday,86
d452,2016-03-27,3,1,2016,1,Sunday,87
d453,2016-03-28,3,1,2016,2,Monday,88
d454,2016-03-29,3,1,2016,3,Tuesday,89
d455,2016-03-30,3,1,2016,4,Wednesday,90
d456,2016-03-31,3,1,2016,5,Thursday,91
d457,2016-04-01,4,2,2016,6,Friday,92
d458,2016-04-02,4,2,2016,7,Saturday,93
d459,2016-04-03,4,2,2016,1,Sunday,94
d460,2016-04-04,4,2,2016,2,Monday,95
d461,2016-04-05,4,2,2016,3,Tuesday,96
d462,2016-04-06,4,2,2016,4,Wednesday,97
d463,2016-04-07,4,2,2016,5,Thursday,98
d464,2016-04-08,4,2,2016,6,Friday,99
d465,2016-04-09,4,2,2016,7,Saturday,100
d466,2016-04-10,4,2,2016,1,Sunday,101
d467,2016-04-11,4,2,2016,2,Monday,102
d468,2016-04-12,4,2,2016,3,Tuesday,103
d469,2016-04-13,4,2,2016,4,Wednesday,104
d470,2016-04-14,4,2,2016,5,Thursday,105
d471,2016-04-15,4,2,2016,6,Friday,106
d472,2016-04-16,4,2,2016,7,Saturday,107
d473,2016-04-17,4,2,2016,1,Sunday,108
d474,2016-04-18,4,2,2016,2,Monday,109
d475,2016-04-19,4,2,2016,3,Tuesday,110
d476,2016-04-20,4,2,2016,4,Wednesday,111
d477,2016-04-21,4,2,2016,5,Thursday,112
d478,2016-04-22,4,2,2016,6,Friday,113
d479,2016-04-23,4,2,2016,7,Saturday,114
d480,2016-04-24,4,2,2016,1,Sunday,115
d481,2016-04-25,4,2,2016,2,Monday,116
d482,2016-04-26,4,2,2016,3,Tuesday,117
d483,2016-04-27,4,2,2016,4,Wednesday,118
d484,2016-04-28,4,2,2016,5,Thursday,119
d485,2016-04-29,4,2,2016,6,Friday,120
d486,2016-04-30,4,2,2016,7,Saturday,121
d487,2016-05-01,5,2,2016,1,Sunday,122
d488,2016-05-02,5,2,2016,2,Monday,123
d489,2016-05-03,5,2,2016,3,Tuesday,124
d490,2016-05-04,5,2,2016,4,Wednesday,125
d491,2016-05-05,5,2,2016,5,Thursday,126
d492,2016-05-06,5,2,2016,6,Friday,127
d493,2016-05-07,5,2,2016,7,Saturday,128
d494,2016-05-08,5,2,2016,1,Sunday,129
d495,2016-05-09,5,2,2016,2,Monday,130
d496,2016-05-10,5,2,2016,3,Tuesday,131
d497,2016-05-11,5,2,2016,4,Wednesday,132
d498,2016-05-12,5,2,2016,5,Thursday,133
d499,2016-05-13,5,2,2016,6,Friday,134
d500,2016-05-14,5,2,2016,7,Saturday,135
d501,2016-05-15,5,2,2016,1,Sunday,136
d502,2016-05-16,5,2,2016,2,Monday,137
d503,2016-05-17,5,2,2016,3,Tuesday,138
d504,2016-05-18,5,2,2016,4,Wednesday,139
d505,2016-05-19,5,2,2016,5,Thursday,140
d506,2016-05-20,5,2,2016,6,Friday,141
d507,2016-05-21,5,2,2016,7,Saturday,142
d508,2016-05-22,5,2,2016,1,Sunday,143
d509,2016-05-23,5,2,2016,2,Monday,144
d510,2016-05-24,5,2,2016,3,Tuesday,145
d511,2016-05-25,5,2,2016,4,Wednesday,146
d512,2016-05-26,5,2,2016,5,Thursday,147
d513,2016-05-27,5,2,2016,6,Friday,148
d514,2016-05-28,5,2,2016,7,Saturday,149
d515,2016-05-29,5,2,2016,1,Sunday,150
d516,2016-05-30,5,2,2016,2,Monday,151
d517,2016-05-31,5,2,2016,3,Tuesday,152
d518,2016-06-01,6,2,2016,4,Wednesday,153
d519,2016-06-02,6,2,2016,5,Thursday,154
d520,2016-06-03,6,2,2016,6,Friday,155
d521,2016-06-04,6,2,2016,7,Saturday,156
d522,2016-06-05,6,2,2016,1,Sunday,157
d523,2016-06-06,6,2,2016,2,Monday,158
d524,2016-06-07,6,2,2016,3,Tuesday,159
d525,2016-06-08,6,2,2016,4,Wednesday,160
d526,2016-06-09,6,2,2016,5,Thursday,161
d527,2016-06-10,6,2,2016,6,Friday,162
d528,2016-06-11,6,2,2016,7,Saturday,163
d529,2016-06-12,6,2,2016,1,Sunday,164
d530,2016-06-13,6,2,2016,2,Monday,165
d531,2016-06-14,6,2,2016,3,Tuesday,166
d532,2016-06-15,6,2,2016,4,Wednesday,167
d533,2016-06-16,6,2,2016,5,Thursday,168
d534,2016-06-17,6,2,2016,6,Friday,169
d535,2016-06-18,6,2,2016,7,Saturday,170
d536,2016-06-19,6,2,2016,1,Sunday,171
d537,2016-06-20,6,2,2016,2,Monday,172
d538,2016-06-21,6,2,2016,3,Tuesday,173
d539,2016-06-22,6,2,2016,4,Wednesday,174
d540,2016-06-23,6,2,2016,5,Thursday,175
d541,2016-06-24,6,2,2016,6,Friday,176
d542,2016-06-25,6,2,2016,7,Saturday,177
d543,2016-06-26,6,2,2016,1,Sunday,178
d544,2016-06-27,6,2,2016,2,Monday,179
d545,2016-06-28,6,2,2016,3,Tuesday,180
d546,2016-06-29,6,2,2016,4,Wednesday,181
d547,2016-06-30,6,2,2016,5,Thursday,182
d548,2016-07-01,7,3,2016,6,Friday,183
d549,2016-07-02,7,3,2016,7,Saturday,184
d550,2016-07-03,7,3,2016,1,Sunday,185
d551,2016-07-04,7,3,2016,2,Monday,186
d552,2016-07-05,7,3,2016,3,Tuesday,187
d553,2016-07-06,7,3,2016,4,Wednesday,188
d554,2016-07-07,7,3,2016,5,Thursday,189
d555,2016-07-08,7,3,2016,6,Friday,190
d556,2016-07-09,7,3,2016,7,Saturday,191
d557,2016-07-10,7,3,2016,1,Sunday,192
d558,2016-07-11,7,3,2016,2,Monday,193
d559,2016-07-12,7,3,2016,3,Tuesday,194
d560,2016-07-13,7,3,2016,4,Wednesday,195
d561,2016-07-14,7,3,2016,5,Thursday,196
d562,2016-07-15,7,3,2016,6,Friday,197
d563,2016-07-16,7,3,2016,7,Saturday,198
d564,2016-07-17,7,3,2016,1,Sunday,199
d565,2016-07-18,7,3,2016,2,Monday,200
d566,2016-07-19,7,3,2016,3,Tuesday,201
d567,2016-07-20,7,3,2016,4,Wednesday,202
d568,2016-07-21,7,3,2016,5,Thursday,203
d569,2016-07-22,7,3,2016,6,Friday,204
d570,2016-07-23,7,3,2016,7,Saturday,205
d571,2016-07-24,7,3,2016,1,Sunday,206
d572,2016-07-25,7,3,2016,2,Monday,207
d573,2016-07-26,7,3,2016,3,Tuesday,208
d574,2016-07-27,7,3,2016,4,Wednesday,209
d575,2016-07-28,7,3,2016,5,Thursday,210
d576,2016-07-29,7,3,2016,6,Friday,211
d577,2016-07-30,7,3,2016,7,Saturday,212
d578,2016-07-31,7,3,2016,1,Sunday,213
d579,2016-08-01,8,3,2016,2,Monday,214
d580,2016-08-02,8,3,2016,3,Tuesday,215
d581,2016-08-03,8,3,2016,4,Wednesday,216
d582,2016-08-04,8,3,2016,5,Thursday,217
d583,2016-08-05,8,3,2016,6,Friday,218
d584,2016-08-06,8,3,2016,7,Saturday,219
d585,2016-08-07,8,3,2016,1,Sunday,220
d586,2016-08-08,8,3,2016,2,Monday,221
d587,2016-08-09,8,3,2016,3,Tuesday,222
d588,2016-08-10,8,3,2016,4,Wednesday,223
d589,2016-08-11,8,3,2016,5,Thursday,224
d590,2016-08-12,8,3,2016,6,Friday,225
d591,2016-08-13,8,3,2016,7,Saturday,226
d592,2016-08-14,8,3,2016,1,Sunday,227
d593,2016-08-15,8,3,2016,2,Monday,228
d594,2016-08-16,8,3,2016,3,Tuesday,229
d595,2016-08-17,8,3,2016,4,Wednesday,230
d596,2016-08-18,8,3,2016,5,Thursday,231
d597,2016-08-19,8,3,2016,6,Friday,232
d598,2016-08-20,8,3,2016,7,Saturday,233
d599,2016-08-21,8,3,2016,1,Sunday,234
d600,2016-08-22,8,3,2016,2,Monday,235
d601,2016-08-23,8,3,2016,3,Tuesday,236
d602,2016-08-24,8,3,2016,4,Wednesday,237
d603,2016-08-25,8,3,2016,5,Thursday,238
d604,2016-08-26,8,3,2016,6,Friday,239
d605,2016-08-27,8,3,2016,7,Saturday,240
d606,2016-08-28,8,3,2016,1,Sunday,241
d607,2016-08-29,8,3,2016,2,Monday,242
d608,2016-08-30,8,3,2016,3,Tuesday,243
d609,2016-08-31,8,3,2016,4,Wednesday,244
d610,2016-09-01,9,3,2016,5,Thursday,245
d611,2016-09-02,9,3,2016,6,Friday,246
d612,2016-09-03,9,3,2016,7,Saturday,247
d613,2016-09-04,9,3,2016,1,Sunday,248
d614,2016-09-05,9,3,2016,2,Monday,249
d615,2016-09-06,9,3,2016,3,Tuesday,250
d616,2016-09-07,9,3,2016,4,Wednesday,251
d617,2016-09-08,9,3,2016,5,Thursday,252
d618,2016-09-09,9,3,2016,6,Friday,253
d619,2016-09-10,9,3,2016,7,Saturday,254
d620,2016-09-11,9,3,2016,1,Sunday,255
d621,2016-09-12,9,3,2016,2,Monday,256
d622,2016-09-13,9,3,2016,3,Tuesday,257
d623,2016-09-14,9,3,2016,4,Wednesday,258
d624,2016-09-15,9,3,2016,5,Thursday,259
d625,2016-09-16,9,3,2016,6,Friday,260
d626,2016-09-17,9,3,2016,7,Saturday,261
d627,2016-09-18,9,3,2016,1,Sunday,262
d628,2016-09-19,9,3,2016,2,Monday,263
d629,2016-09-20,9,3,2016,3,Tuesday,264
d630,2016-09-21,9,3,2016,4,Wednesday,265
d631,2016-09-22,9,3,2016,5,Thursday,266
d632,2016-09-23,9,3,2016,6,Friday,267
d633,2016-09-24,9,3,2016,7,Saturday,268
d634,2016-09-25,9,3,2016,1,Sunday,269
d635,2016-09-26,9,3,2016,2,Monday,270
d636,2016-09-27,9,3,2016,3,Tuesday,271
d637,2016-09-28,9,3,2016,4,Wednesday,272
d638,2016-09-29,9,3,2016,5,Thursday,273
d639,2016-09-30,9,3,2016,6,Friday,274
d640,2016-10-01,10,4,2016,7,Saturday,275
d641,2016-10-02,10,4,2016,1,Sunday,276
d642,2016-10-03,10,4,2016,2,Monday,277
d643,2016-10-04,10,4,2016,3,Tuesday,278
d644,2016-10-05,10,4,2016,4,Wednesday,279
d645,2016-10-06,10,4,2016,5,Thursday,280
d646,2016-10-07,10,4,2016,6,Friday,281
d647,2016-10-08,10,4,2016,7,Saturday,282
d648,2016-10-09,10,4,2016,1,Sunday,283
d649,2016-10-10,10,4,2016,2,Monday,284
d650,2016-10-11,10,4,2016,3,Tuesday,285
d651,2016-10-12,10,4,2016,4,Wednesday,286
d652,2016-10-13,10,4,2016,5,Thursday,287
d653,2016-10-14,10,4,2016,6,Friday,288
d654,2016-10-15,10,4,2016,7,Saturday,289
d655,2016-10-16,10,4,2016,1,Sunday,290
d656,2016-10-17,10,4,2016,2,Monday,291
d657,2016-10-18,10,4,2016,3,Tuesday,292
d658,2016-10-19,10,4,2016,4,Wednesday,293
d659,2016-10-20,10,4,2016,5,Thursday,294
d660,2016-10-21,10,4,2016,6,Friday,295
d661,2016-10-22,10,4,2016,7,Saturday,296
d662,2016-10-23,10,4,2016,1,Sunday,297
d663,2016-10-24,10,4,2016,2,Monday,298
d664,2016-10-25,10,4,2016,3,Tuesday,299
d665,2016-10-26,10,4,2016,4,Wednesday,300
d666,2016-10-27,10,4,2016,5,Thursday,301
d667,2016-10-28,10,4,2016,6,Friday,302
d668,2016-10-29,10,4,2016,7,Saturday,303
d669,2016-10-30,10,4,2016,1,Sunday,304
d670,2016-10-31,10,4,2016,2,Monday,305
d671,2016-11-01,11,4,2016,3,Tuesday,306
d672,2016-11-02,11,4,2016,4,Wednesday,307
d673,2016-11-03,11,4,2016,5,Thursday,308
d674,2016-11-04,11,4,2016,6,Friday,309
d675,2016-11-05,11,4,2016,7,Saturday,310
d676,2016-11-06,11,4,2016,1,Sunday,311
d677,2016-11-07,11,4,2016,2,Monday,312
d678,2016-11-08,11,4,2016,3,Tuesday,313
d679,2016-11-09,11,4,2016,4,Wednesday,314
d680,2016-11-10,11,4,2016,5,Thursday,315
d681,2016-11-11,11,4,2016,6,Friday,316
d682,2016-11-12,11,4,2016,7,Saturday,317
d683,2016-11-13,11,4,2016,1,Sunday,318
d684,2016-11-14,11,4,2016,2,Monday,319
d685,2016-11-15,11,4,2016,3,Tuesday,320
d686,2016-11-16,11,4,2016,4,Wednesday,321
d687,2016-11-17,11,4,2016,5,Thursday,322
d688,2016-11-18,11,4,2016,6,Friday,323
d689,2016-11-19,11,4,2016,7,Saturday,324
d690,2016-11-20,11,4,2016,1,Sunday,325
d691,2016-11-21,11,4,2016,2,Monday,326
d692,2016-11-22,11,4,2016,3,Tuesday,327
d693,2016-11-23,11,4,2016,4,Wednesday,328
d694,2016-11-24,11,4,2016,5,Thursday,329
d695,2016-11-25,11,4,2016,6,Friday,330
d696,2016-11-26,11,4,2016,7,Saturday,331
d697,2016-11-27,11,4,2016,1,Sunday,332
d698,2016-11-28,11,4,2016,2,Monday,333
d699,2016-11-29,11,4,2016,3,Tuesday,334
d700,2016-11-30,11,4,2016,4,Wednesday,335
d701,2016-12-01,12,4,2016,5,Thursday,336
d702,2016-12-02,12,4,2016,6,Friday,337
d703,2016-12-03,12,4,2016,7,Saturday,338
d704,2016-12-04,12,4,2016,1,Sunday,339
d705,2016-12-05,12,4,2016,2,Monday,340
d706,2016-12-06,12,4,2016,3,Tuesday,341
d707,2016-12-07,12,4,2016,4,Wednesday,342
d708,2016-12-08,12,4,2016,5,Thursday,343
d709,2016-12-09,12,4,2016,6,Friday,344
d710,2016-12-10,12,4,2016,7,Saturday,345
d711,2016-12-11,12,4,2016,1,Sunday,346
d712,2016-12-12,12,4,2016,2,Monday,347
d713,2016-12-13,12,4,2016,3,Tuesday,348
d714,2016-12-14,12,4,2016,4,Wednesday,349
d715,2016-12-15,12,4,2016,5,Thursday,350
d716,2016-12-16,12,4,2016,6,Friday,351
d717,2016-12-17,12,4,2016,7,Saturday,352
d718,2016-12-18,12,4,2016,1,Sunday,353
d719,2016-12-19,12,4,2016,2,Monday,354
d720,2016-12-20,12,4,2016,3,Tuesday,355
d721,2016-12-21,12,4,2016,4,Wednesday,356
d722,2016-12-22,12,4,2016,5,Thursday,357
d723,2016-12-23,12,4,2016,6,Friday,358
d724,2016-12-24,12,4,2016,7,Saturday,359
d725,2016-12-25,12,4,2016,1,Sunday,360
d726,2016-12-26,12,4,2016,2,Monday,361
d727,2016-12-27,12,4,2016,3,Tuesday,362
d728,2016-12-28,12,4,2016,4,Wednesday,363
d729,2016-12-29,12,4,2016,5,Thursday,364
d730,2016-12-30,12,4,2016,6,Friday,365
d731,2016-12-31,12,4,2016,7,Saturday,366
d732,2017-01-01,1,1,2017,1,Sunday,1
d733,2017-01-02,1,1,2017,2,Monday,2
d734,2017-01-03,1,1,2017,3,Tuesday,3
d735,2017-01-04,1,1,2017,4,Wednesday,4
d736,2017-01-05,1,1,2017,5,Thursday,5
d737,2017-01-06,1,1,2017,6,Friday,6
d738,2017-01-07,1,1,2017,7,Saturday,7
d739,2017-01-08,1,1,2017,1,Sunday,8
d740,2017-01-09,1,1,2017,2,Monday,9
d741,2017-01-10,1,1,2017,3,Tuesday,10
d742,2017-01-11,1,1,2017,4,Wednesday,11
d743,2017-01-12,1,1,2017,5,Thursday,12
d744,2017-01-13,1,1,2017,6,Friday,13
d745,2017-01-14,1,1,2017,7,Saturday,14
d746,2017-01-15,1,1,2017,1,Sunday,15
d747,2017-01-16,1,1,2017,2,Monday,16
d748,2017-01-17,1,1,2017,3,Tuesday,17
d749,2017-01-18,1,1,2017,4,Wednesday,18
d750,2017-01-19,1,1,2017,5,Thursday,19
d751,2017-01-20,1,1,2017,6,Friday,20
d752,2017-01-21,1,1,2017,7,Saturday,21
d753,2017-01-22,1,1,2017,1,Sunday,22
d754,2017-01-23,1,1,2017,2,Monday,23
d755,2017-01-24,1,1,2017,3,Tuesday,24
d756,2017-01-25,1,1,2017,4,Wednesday,25
d757,2017-01-26,1,1,2017,5,Thursday,26
d758,2017-01-27,1,1,2017,6,Friday,27
d759,2017-01-28,1,1,2017,7,Saturday,28
d760,2017-01-29,1,1,2017,1,Sunday,29
d761,2017-01-30,1,1,2017,2,Monday,30
d762,2017-01-31,1,1,2017,3,Tuesday,31
d763,2017-02-01,2,1,2017,4,Wednesday,32
d764,2017-02-02,2,1,2017,5,Thursday,33
d765,2017-02-03,2,1,2017,6,Friday,34
d766,2017-02-04,2,1,2017,7,Saturday,35
d767,2017-02-05,2,1,2017,1,Sunday,36
d768,2017-02-06,2,1,2017,2,Monday,37
d769,2017-02-07,2,1,2017,3,Tuesday,38
d770,2017-02-08,2,1,2017,4,Wednesday,39
d771,2017-02-09,2,1,2017,5,Thursday,40
d772,2017-02-10,2,1,2017,6,Friday,41
d773,2017-02-11,2,1,2017,7,Saturday,42
d774,2017-02-12,2,1,2017,1,Sunday,43
d775,2017-02-13,2,1,2017,2,Monday,44
d776,2017-02-14,2,1,2017,3,Tuesday,45
d777,2017-02-15,2,1,2017,4,Wednesday,46
d778,2017-02-16,2,1,2017,5,Thursday,47
d779,2017-02-17,2,1,2017,6,Friday,48
d780,2017-02-18,2,1,2017,7,Saturday,49
d781,2017-02-19,2,1,2017,1,Sunday,50
d782,2017-02-20,2,1,2017,2,Monday,51
d783,2017-02-21,2,1,2017,3,Tuesday,52
d784,2017-02-22,2,1,2017,4,Wednesday,53
d785,2017-02-23,2,1,2017,5,Thursday,54
d786,2017-02-24,2,1,2017,6,Friday,55
d787,2017-02-25,2,1,2017,7,Saturday,56
d788,2017-02-26,2,1,2017,1,Sunday,57
d789,2017-02-27,2,1,2017,2,Monday,58
d790,2017-02-28,2,1,2017,3,Tuesday,59
d791,2017-03-01,3,1,2017,4,Wednesday,60
d792,2017-03-02,3,1,2017,5,Thursday,61
d793,2017-03-03,3,1,2017,6,Friday,62
d794,2017-03-04,3,1,2017,7,Saturday,63
d795,2017-03-05,3,1,2017,1,Sunday,64
d796,2017-03-06,3,1,2017,2,Monday,65
d797,2017-03-07,3,1,2017,3,Tuesday,66
d798,2017-03-08,3,1,2017,4,Wednesday,67
d799,2017-03-09,3,1,2017,5,Thursday,68
d800,2017-03-10,3,1,2017,6,Friday,69
d801,2017-03-11,3,1,2017,7,Saturday,70
d802,2017-03-12,3,1,2017,1,Sunday,71
d803,2017-03-13,3,1,2017,2,Monday,72
d804,2017-03-14,3,1,2017,3,Tuesday,73
d805,2017-03-15,3,1,2017,4,Wednesday,74
d806,2017-03-16,3,1,2017,5,Thursday,75
d807,2017-03-17,3,1,2017,6,Friday,76
d808,2017-03-18,3,1,2017,7,Saturday,77
d809,2017-03-19,3,1,2017,1,Sunday,78
d810,2017-03-20,3,1,2017,2,Monday,79
d811,2017-03-21,3,1,2017,3,Tuesday,80
d812,2017-03-22,3,1,2017,4,Wednesday,81
d813,2017-03-23,3,1,2017,5,Thursday,82
d814,2017-03-24,3,1,2017,6,Friday,83
d815,2017-03-25,3,1,2017,7,Saturday,84
d816,2017-03-26,3,1,2017,1,Sunday,85
d817,2017-03-27,3,1,2017,2,Monday,86
d818,2017-03-28,3,1,2017,3,Tuesday,87
d819,2017-03-29,3,1,2017,4,Wednesday,88
d820,2017-03-30,3,1,2017,5,Thursday,89
d821,2017-03-31,3,1,2017,6,Friday,90
d822,2017-04-01,4,2,2017,7,Saturday,91
d823,2017-04-02,4,2,2017,1,Sunday,92
d824,2017-04-03,4,2,2017,2,Monday,93
d825,2017-04-04,4,2,2017,3,Tuesday,94
d826,2017-04-05,4,2,2017,4,Wednesday,95
d827,2017-04-06,4,2,2017,5,Thursday,96
d828,2017-04-07,4,2,2017,6,Friday,97
d829,2017-04-08,4,2,2017,7,Saturday,98
d830,2017-04-09,4,2,2017,1,Sunday,99
d831,2017-04-10,4,2,2017,2,Monday,100
d832,2017-04-11,4,2,2017,3,Tuesday,101
d833,2017-04-12,4,2,2017,4,Wednesday,102
d834,2017-04-13,4,2,2017,5,Thursday,103
d835,2017-04-14,4,2,2017,6,Friday,104
d836,2017-04-15,4,2,2017,7,Saturday,105
d837,2017-04-16,4,2,2017,1,Sunday,106
d838,2017-04-17,4,2,2017,2,Monday,107
d839,2017-04-18,4,2,2017,3,Tuesday,108
d840,2017-04-19,4,2,2017,4,Wednesday,109
d841,2017-04-20,4,2,2017,5,Thursday,110
d842,2017-04-21,4,2,2017,6,Friday,111
d843,2017-04-22,4,2,2017,7,Saturday,112
d844,2017-04-23,4,2,2017,1,Sunday,113
d845,2017-04-24,4,2,2017,2,Monday,114
d846,2017-04-25,4,2,2017,3,Tuesday,115
d847,2017-04-26,4,2,2017,4,Wednesday,116
d848,2017-04-27,4,2,2017,5,Thursday,117
d849,2017-04-28,4,2,2017,6,Friday,118
d850,2017-04-29,4,2,2017,7,Saturday,119
d851,2017-04-30,4,2,2017,1,Sunday,120
d852,2017-05-01,5,2,2017,2,Monday,121
d853,2017-05-02,5,2,2017,3,Tuesday,122
d854,2017-05-03,5,2,2017,4,Wednesday,123
d855,2017-05-04,5,2,2017,5,Thursday,124
d856,2017-05-05,5,2,2017,6,Friday,125
d857,2017-05-06,5,2,2017,7,Saturday,126
d858,2017-05-07,5,2,2017,1,Sunday,127
d859,2017-05-08,5,2,2017,2,Monday,128
d860,2017-05-09,5,2,2017,3,Tuesday,129
d861,2017-05-10,5,2,2017,4,Wednesday,130
d862,2017-05-11,5,2,2017,5,Thursday,131
d863,2017-05-12,5,2,2017,6,Friday,132
d864,2017-05-13,5,2,2017,7,Saturday,133
d865,2017-05-14,5,2,2017,1,Sunday,134
d866,2017-05-15,5,2,2017,2,Monday,135
d867,2017-05-16,5,2,2017,3,Tuesday,136
d868,2017-05-17,5,2,2017,4,Wednesday,137
d869,2017-05-18,5,2,2017,5,Thursday,138
d870,2017-05-19,5,2,2017,6,Friday,139
d871,2017-05-20,5,2,2017,7,Saturday,140
d872,2017-05-21,5,2,2017,1,Sunday,141
d873,2017-05-22,5,2,2017,2,Monday,142
d874,2017-05-23,5,2,2017,3,Tuesday,143
d875,2017-05-24,5,2,2017,4,Wednesday,144
d876,2017-05-25,5,2,2017,5,Thursday,145
d877,2017-05-26,5,2,2017,6,Friday,146
d878,2017-05-27,5,2,2017,7,Saturday,147
d879,2017-05-28,5,2,2017,1,Sunday,148
d880,2017-05-29,5,2,2017,2,Monday,149
d881,2017-05-30,5,2,2017,3,Tuesday,150
d882,2017-05-31,5,2,2017,4,Wednesday,151
d883,2017-06-01,6,2,2017,5,Thursday,152
d884,2017-06-02,6,2,2017,6,Friday,153
d885,2017-06-03,6,2,2017,7,Saturday,154
d886,2017-06-04,6,2,2017,1,Sunday,155
d887,2017-06-05,6,2,2017,2,Monday,156
d888,2017-06-06,6,2,2017,3,Tuesday,157
d889,2017-06-07,6,2,2017,4,Wednesday,158
d890,2017-06-08,6,2,2017,5,Thursday,159
d891,2017-06-09,6,2,2017,6,Friday,160
d892,2017-06-10,6,2,2017,7,Saturday,161
d893,2017-06-11,6,2,2017,1,Sunday,162
d894,2017-06-12,6,2,2017,2,Monday,163
d895,2017-06-13,6,2,2017,3,Tuesday,164
d896,2017-06-14,6,2,2017,4,Wednesday,165
d897,2017-06-15,6,2,2017,5,Thursday,166
d898,2017-06-16,6,2,2017,6,Friday,167
d899,2017-06-17,6,2,2017,7,Saturday,168
d900,2017-06-18,6,2,2017,1,Sunday,169
d901,2017-06-19,6,2,2017,2,Monday,170
d902,2017-06-20,6,2,2017,3,Tuesday,171
d903,2017-06-21,6,2,2017,4,Wednesday,172
d904,2017-06-22,6,2,2017,5,Thursday,173
d905,2017-06-23,6,2,2017,6,Friday,174
d906,2017-06-24,6,2,2017,7,Saturday,175
d907,2017-06-25,6,2,2017,1,Sunday,176
d908,2017-06-26,6,2,2017,2,Monday,177
d909,2017-06-27,6,2,2017,3,Tuesday,178
d910,2017-06-28,6,2,2017,4,Wednesday,179
d911,2017-06-29,6,2,2017,5,Thursday,180
d912,2017-06-30,6,2,2017,6,Friday,181
d913,2017-07-01,7,3,2017,7,Saturday,182
d914,2017-07-02,7,3,2017,1,Sunday,183
d915,2017-07-03,7,3,2017,2,Monday,184
d916,2017-07-04,7,3,2017,3,Tuesday,185
d917,2017-07-05,7,3,2017,4,Wednesday,186
d918,2017-07-06,7,3,2017,5,Thursday,187
d919,2017-07-07,7,3,2017,6,Friday,188
d920,2017-07-08,7,3,2017,7,Saturday,189
d921,2017-07-09,7,3,2017,1,Sunday,190
d922,2017-07-10,7,3,2017,2,Monday,191
d923,2017-07-11,7,3,2017,3,Tuesday,192
d924,2017-07-12,7,3,2017,4,Wednesday,193
d925,2017-07-13,7,3,2017,5,Thursday,194
d926,2017-07-14,7,3,2017,6,Friday,195
d927,2017-07-15,7,3,2017,7,Saturday,196
d928,2017-07-16,7,3,2017,1,Sunday,197
d929,2017-07-17,7,3,2017,2,Monday,198
d930,2017-07-18,7,3,2017,3,Tuesday,199
d931,2017-07-19,7,3,2017,4,Wednesday,200
d932,2017-07-20,7,3,2017,5,Thursday,201
d933,2017-07-21,7,3,2017,6,Friday,202
d934,2017-07-22,7,3,2017,7,Saturday,203
d935,2017-07-23,7,3,2017,1,Sunday,204
d936,2017-07-24,7,3,2017,2,Monday,205
d937,2017-07-25,7,3,2017,3,Tuesday,206
d938,2017-07-26,7,3,2017,4,Wednesday,207
d939,2017-07-27,7,3,2017,5,Thursday,208
d940,2017-07-28,7,3,2017,6,Friday,209
d941,2017-07-29,7,3,2017,7,Saturday,210
d942,2017-07-30,7,3,2017,1,Sunday,211
d943,2017-07-31,7,3,2017,2,Monday,212
d944,2017-08-01,8,3,2017,3,Tuesday,213
d945,2017-08-02,8,3,2017,4,Wednesday,214
d946,2017-08-03,8,3,2017,5,Thursday,215
d947,2017-08-04,8,3,2017,6,Friday,216
d948,2017-08-05,8,3,2017,7,Saturday,217
d949,2017-08-06,8,3,2017,1,Sunday,218
d950,2017-08-07,8,3,2017,2,Monday,219
d951,2017-08-08,8,3,2017,3,Tuesday,220
d952,2017-08-09,8,3,2017,4,Wednesday,221
d953,2017-08-10,8,3,2017,5,Thursday,222
d954,2017-08-11,8,3,2017,6,Friday,223
d955,2017-08-12,8,3,2017,7,Saturday,224
d956,2017-08-13,8,3,2017,1,Sunday,225
d957,2017-08-14,8,3,2017,2,Monday,226
d958,2017-08-15,8,3,2017,3,Tuesday,227
d959,2017-08-16,8,3,2017,4,Wednesday,228
d960,2017-08-17,8,3,2017,5,Thursday,229
d961,2017-08-18,8,3,2017,6,Friday,230
d962,2017-08-19,8,3,2017,7,Saturday,231
d963,2017-08-20,8,3,2017,1,Sunday,232
d964,2017-08-21,8,3,2017,2,Monday,233
d965,2017-08-22,8,3,2017,3,Tuesday,234
d966,2017-08-23,8,3,2017,4,Wednesday,235
d967,2017-08-24,8,3,2017,5,Thursday,236
d968,2017-08-25,8,3,2017,6,Friday,237
d969,2017-08-26,8,3,2017,7,Saturday,238
d970,2017-08-27,8,3,2017,1,Sunday,239
d971,2017-08-28,8,3,2017,2,Monday,240
d972,2017-08-29,8,3,2017,3,Tuesday,241
d973,2017-08-30,8,3,2017,4,Wednesday,242
d974,2017-08-31,8,3,2017,5,Thursday,243
d975,2017-09-01,9,3,2017,6,Friday,244
d976,2017-09-02,9,3,2017,7,Saturday,245
d977,2017-09-03,9,3,2017,1,Sunday,246
d978,2017-09-04,9,3,2017,2,Monday,247
d979,2017-09-05,9,3,2017,3,Tuesday,248
d980,2017-09-06,9,3,2017,4,Wednesday,249
d981,2017-09-07,9,3,2017,5,Thursday,250
d982,2017-09-08,9,3,2017,6,Friday,251
d983,2017-09-09,9,3,2017,7,Saturday,252
d984,2017-09-10,9,3,2017,1,Sunday,253
d985,2017-09-11,9,3,2017,2,Monday,254
d986,2017-09-12,9,3,2017,3,Tuesday,255
d987,2017-09-13,9,3,2017,4,Wednesday,256
d988,2017-09-14,9,3,2017,5,Thursday,257
d989,2017-09-15,9,3,2017,6,Friday,258
d990,2017-09-16,9,3,2017,7,Saturday,259
d991,2017-09-17,9,3,2017,1,Sunday,260
d992,2017-09-18,9,3,2017,2,Monday,261
d993,2017-09-19,9,3,2017,3,Tuesday,262
d994,2017-09-20,9,3,2017,4,Wednesday,263
d995,2017-09-21,9,3,2017,5,Thursday,264
d996,2017-09-22,9,3,2017,6,Friday,265
d997,2017-09-23,9,3,2017,7,Saturday,266
d998,2017-09-24,9,3,2017,1,Sunday,267
d999,2017-09-25,9,3,2017,2,Monday,268
d1000,2017-09-26,9,3,2017,3,Tuesday,269
d1001,2017-09-27,9,3,2017,4,Wednesday,270
d1002,2017-09-28,9,3,2017,5,Thursday,271
d1003,2017-09-29,9,3,2017,6,Friday,272
d1004,2017-09-30,9,3,2017,7,Saturday,273
d1005,2017-10-01,10,4,2017,1,Sunday,274
d1006,2017-10-02,10,4,2017,2,Monday,275
d1007,2017-10-03,10,4,2017,3,Tuesday,276
d1008,2017-10-04,10,4,2017,4,Wednesday,277
d1009,2017-10-05,10,4,2017,5,Thursday,278
d1010,2017-10-06,10,4,2017,6,Friday,279
d1011,2017-10-07,10,4,2017,7,Saturday,280
d1012,2017-10-08,10,4,2017,1,Sunday,281
d1013,2017-10-09,10,4,2017,2,Monday,282
d1014,2017-10-10,10,4,2017,3,Tuesday,283
d1015,2017-10-11,10,4,2017,4,Wednesday,284
d1016,2017-10-12,10,4,2017,5,Thursday,285
d1017,2017-10-13,10,4,2017,6,Friday,286
d1018,2017-10-14,10,4,2017,7,Saturday,287
d1019,2017-10-15,10,4,2017,1,Sunday,288
d1020,2017-10-16,10,4,2017,2,Monday,289
d1021,2017-10-17,10,4,2017,3,Tuesday,290
d1022,2017-10-18,10,4,2017,4,Wednesday,291
d1023,2017-10-19,10,4,2017,5,Thursday,292
d1024,2017-10-20,10,4,2017,6,Friday,293
d1025,2017-10-21,10,4,2017,7,Saturday,294
d1026,2017-10-22,10,4,2017,1,Sunday,295
d1027,2017-10-23,10,4,2017,2,Monday,296
d1028,2017-10-24,10,4,2017,3,Tuesday,297
d1029,2017-10-25,10,4,2017,4,Wednesday,298
d1030,2017-10-26,10,4,2017,5,Thursday,299
d1031,2017-10-27,10,4,2017,6,Friday,300
d1032,2017-10-28,10,4,2017,7,Saturday,301
d1033,2017-10-29,10,4,2017,1,Sunday,302
d1034,2017-10-30,10,4,2017,2,Monday,303
d1035,2017-10-31,10,4,2017,3,Tuesday,304
d1036,2017-11-01,11,4,2017,4,Wednesday,305
d1037,2017-11-02,11,4,2017,5,Thursday,306
d1038,2017-11-03,11,4,2017,6,Friday,307
d1039,2017-11-04,11,4,2017,7,Saturday,308
d1040,2017-11-05,11,4,2017,1,Sunday,309
d1041,2017-11-06,11,4,2017,2,Monday,310
d1042,2017-11-07,11,4,2017,3,Tuesday,311
d1043,2017-11-08,11,4,2017,4,Wednesday,312
d1044,2017-11-09,11,4,2017,5,Thursday,313
d1045,2017-11-10,11,4,2017,6,Friday,314
d1046,2017-11-11,11,4,2017,7,Saturday,315
d1047,2017-11-12,11,4,2017,1,Sunday,316
d1048,2017-11-13,11,4,2017,2,Monday,317
d1049,2017-11-14,11,4,2017,3,Tuesday,318
d1050,2017-11-15,11,4,2017,4,Wednesday,319
d1051,2017-11-16,11,4,2017,5,Thursday,320
d1052,2017-11-17,11,4,2017,6,Friday,321
d1053,2017-11-18,11,4,2017,7,Saturday,322
d1054,2017-11-19,11,4,2017,1,Sunday,323
d1055,2017-11-20,11,4,2017,2,Monday,324
d1056,2017-11-21,11,4,2017,3,Tuesday,325
d1057,2017-11-22,11,4,2017,4,Wednesday,326
d1058,2017-11-23,11,4,2017,5,Thursday,327
d1059,2017-11-24,11,4,2017,6,Friday,328
d1060,2017-11-25,11,4,2017,7,Saturday,329
d1061,2017-11-26,11,4,2017,1,Sunday,330
d1062,2017-11-27,11,4,2017,2,Monday,331
d1063,2017-11-28,11,4,2017,3,Tuesday,332
d1064,2017-11-29,11,4,2017,4,Wednesday,333
d1065,2017-11-30,11,4,2017,5,Thursday,334
d1066,2017-12-01,12,4,2017,6,Friday,335
d1067,2017-12-02,12,4,2017,7,Saturday,336
d1068,2017-12-03,12,4,2017,1,Sunday,337
d1069,2017-12-04,12,4,2017,2,Monday,338
d1070,2017-12-05,12,4,2017,3,Tuesday,339
d1071,2017-12-06,12,4,2017,4,Wednesday,340
d1072,2017-12-07,12,4,2017,5,Thursday,341
d1073,2017-12-08,12,4,2017,6,Friday,342
d1074,2017-12-09,12,4,2017,7,Saturday,343
d1075,2017-12-10,12,4,2017,1,Sunday,344
d1076,2017-12-11,12,4,2017,2,Monday,345
d1077,2017-12-12,12,4,2017,3,Tuesday,346
d1078,2017-12-13,12,4,2017,4,Wednesday,347
d1079,2017-12-14,12,4,2017,5,Thursday,348
d1080,2017-12-15,12,4,2017,6,Friday,349
d1081,2017-12-16,12,4,2017,7,Saturday,350
d1082,2017-12-17,12,4,2017,1,Sunday,351
d1083,2017-12-18,12,4,2017,2,Monday,352
d1084,2017-12-19,12,4,2017,3,Tuesday,353
d1085,2017-12-20,12,4,2017,4,Wednesday,354
d1086,2017-12-21,12,4,2017,5,Thursday,355
d1087,2017-12-22,12,4,2017,6,Friday,356
d1088,2017-12-23,12,4,2017,7,Saturday,357
d1089,2017-12-24,12,4,2017,1,Sunday,358
d1090,2017-12-25,12,4,2017,2,Monday,359
d1091,2017-12-26,12,4,2017,3,Tuesday,360
d1092,2017-12-27,12,4,2017,4,Wednesday,361
d1093,2017-12-28,12,4,2017,5,Thursday,362
d1094,2017-12-29,12,4,2017,6,Friday,363
d1095,2017-12-30,12,4,2017,7,Saturday,364
d1096,2017-12-31,12,4,2017,1,Sunday,365
d1097,2018-01-01,1,1,2018,2,Monday,1
d1098,2018-01-02,1,1,2018,3,Tuesday,2
d1099,2018-01-03,1,1,2018,4,Wednesday,3
d1100,2018-01-04,1,1,2018,5,Thursday,4
d1101,2018-01-05,1,1,2018,6,Friday,5
d1102,2018-01-06,1,1,2018,7,Saturday,6
d1103,2018-01-07,1,1,2018,1,Sunday,7
d1104,2018-01-08,1,1,2018,2,Monday,8
d1105,2018-01-09,1,1,2018,3,Tuesday,9
d1106,2018-01-10,1,1,2018,4,Wednesday,10
d1107,2018-01-11,1,1,2018,5,Thursday,11
d1108,2018-01-12,1,1,2018,6,Friday,12
d1109,2018-01-13,1,1,2018,7,Saturday,13
d1110,2018-01-14,1,1,2018,1,Sunday,14
d1111,2018-01-15,1,1,2018,2,Monday,15
d1112,2018-01-16,1,1,2018,3,Tuesday,16
d1113,2018-01-17,1,1,2018,4,Wednesday,17
d1114,2018-01-18,1,1,2018,5,Thursday,18
d1115,2018-01-19,1,1,2018,6,Friday,19
d1116,2018-01-20,1,1,2018,7,Saturday,20
d1117,2018-01-21,1,1,2018,1,Sunday,21
d1118,2018-01-22,1,1,2018,2,Monday,22
d1119,2018-01-23,1,1,2018,3,Tuesday,23
d1120,2018-01-24,1,1,2018,4,Wednesday,24
d1121,2018-01-25,1,1,2018,5,Thursday,25
d1122,2018-01-26,1,1,2018,6,Friday,26
d1123,2018-01-27,1,1,2018,7,Saturday,27
d1124,2018-01-28,1,1,2018,1,Sunday,28
d1125,2018-01-29,1,1,2018,2,Monday,29
d1126,2018-01-30,1,1,2018,3,Tuesday,30
d1127,2018-01-31,1,1,2018,4,Wednesday,31
d1128,2018-02-01,2,1,2018,5,Thursday,32
d1129,2018-02-02,2,1,2018,6,Friday,33
d1130,2018-02-03,2,1,2018,7,Saturday,34
d1131,2018-02-04,2,1,2018,1,Sunday,35
d1132,2018-02-05,2,1,2018,2,Monday,36
d1133,2018-02-06,2,1,2018,3,Tuesday,37
d1134,2018-02-07,2,1,2018,4,Wednesday,38
d1135,2018-02-08,2,1,2018,5,Thursday,39
d1136,2018-02-09,2,1,2018,6,Friday,40
d1137,2018-02-10,2,1,2018,7,Saturday,41
d1138,2018-02-11,2,1,2018,1,Sunday,42
d1139,2018-02-12,2,1,2018,2,Monday,43
d1140,2018-02-13,2,1,2018,3,Tuesday,44
d1141,2018-02-14,2,1,2018,4,Wednesday,45
d1142,2018-02-15,2,1,2018,5,Thursday,46
d1143,2018-02-16,2,1,2018,6,Friday,47
d1144,2018-02-17,2,1,2018,7,Saturday,48
d1145,2018-02-18,2,1,2018,1,Sunday,49
d1146,2018-02-19,2,1,2018,2,Monday,50
d1147,2018-02-20,2,1,2018,3,Tuesday,51
d1148,2018-02-21,2,1,2018,4,Wednesday,52
d1149,2018-02-22,2,1,2018,5,Thursday,53
d1150,2018-02-23,2,1,2018,6,Friday,54
d1151,2018-02-24,2,1,2018,7,Saturday,55
d1152,2018-02-25,2,1,2018,1,Sunday,56
d1153,2018-02-26,2,1,2018,2,Monday,57
d1154,2018-02-27,2,1,2018,3,Tuesday,58
d1155,2018-02-28,2,1,2018,4,Wednesday,59
d1156,2018-03-01,3,1,2018,5,Thursday,60
d1157,2018-03-02,3,1,2018,6,Friday,61
d1158,2018-03-03,3,1,2018,7,Saturday,62
d1159,2018-03-04,3,1,2018,1,Sunday,63
d1160,2018-03-05,3,1,2018,2,Monday,64
d1161,2018-03-06,3,1,2018,3,Tuesday,65
d1162,2018-03-07,3,1,2018,4,Wednesday,66
d1163,2018-03-08,3,1,2018,5,Thursday,67
d1164,2018-03-09,3,1,2018,6,Friday,68
d1165,2018-03-10,3,1,2018,7,Saturday,69
d1166,2018-03-11,3,1,2018,1,Sunday,70
d1167,2018-03-12,3,1,2018,2,Monday,71
d1168,2018-03-13,3,1,2018,3,Tuesday,72
d1169,2018-03-14,3,1,2018,4,Wednesday,73
d1170,2018-03-15,3,1,2018,5,Thursday,74
d1171,2018-03-16,3,1,2018,6,Friday,75
d1172,2018-03-17,3,1,2018,7,Saturday,76
d1173,2018-03-18,3,1,2018,1,Sunday,77
d1174,2018-03-19,3,1,2018,2,Monday,78
d1175,2018-03-20,3,1,2018,3,Tuesday,79
d1176,2018-03-21,3,1,2018,4,Wednesday,80
d1177,2018-03-22,3,1,2018,5,Thursday,81
d1178,2018-03-23,3,1,2018,6,Friday,82
d1179,2018-03-24,3,1,2018,7,Saturday,83
d1180,2018-03-25,3,1,2018,1,Sunday,84
d1181,2018-03-26,3,1,2018,2,Monday,85
d1182,2018-03-27,3,1,2018,3,Tuesday,86
d1183,2018-03-28,3,1,2018,4,Wednesday,87
d1184,2018-03-29,3,1,2018,5,Thursday,88
d1185,2018-03-30,3,1,2018,6,Friday,89
d1186,2018-03-31,3,1,2018,7,Saturday,90
d1187,2018-04-01,4,2,2018,1,Sunday,91
d1188,2018-04-02,4,2,2018,2,Monday,92
d1189,2018-04-03,4,2,2018,3,Tuesday,93
d1190,2018-04-04,4,2,2018,4,Wednesday,94
d1191,2018-04-05,4,2,2018,5,Thursday,95
d1192,2018-04-06,4,2,2018,6,Friday,96
d1193,2018-04-07,4,2,2018,7,Saturday,97
d1194,2018-04-08,4,2,2018,1,Sunday,98
d1195,2018-04-09,4,2,2018,2,Monday,99
d1196,2018-04-10,4,2,2018,3,Tuesday,100
d1197,2018-04-11,4,2,2018,4,Wednesday,101
d1198,2018-04-12,4,2,2018,5,Thursday,102
d1199,2018-04-13,4,2,2018,6,Friday,103
d1200,2018-04-14,4,2,2018,7,Saturday,104
d1201,2018-04-15,4,2,2018,1,Sunday,105
d1202,2018-04-16,4,2,2018,2,Monday,106
d1203,2018-04-17,4,2,2018,3,Tuesday,107
d1204,2018-04-18,4,2,2018,4,Wednesday,108
d1205,2018-04-19,4,2,2018,5,Thursday,109
d1206,2018-04-20,4,2,2018,6,Friday,110
d1207,2018-04-21,4,2,2018,7,Saturday,111
d1208,2018-04-22,4,2,2018,1,Sunday,112
d1209,2018-04-23,4,2,2018,2,Monday,113
d1210,2018-04-24,4,2,2018,3,Tuesday,114
d1211,2018-04-25,4,2,2018,4,Wednesday,115
d1212,2018-04-26,4,2,2018,5,Thursday,116
d1213,2018-04-27,4,2,2018,6,Friday,117
d1214,2018-04-28,4,2,2018,7,Saturday,118
d1215,2018-04-29,4,2,2018,1,Sunday,119
d1216,2018-04-30,4,2,2018,2,Monday,120
d1217,2018-05-01,5,2,2018,3,Tuesday,121
d1218,2018-05-02,5,2,2018,4,Wednesday,122
d1219,2018-05-03,5,2,2018,5,Thursday,123
d1220,2018-05-04,5,2,2018,6,Friday,124
d1221,2018-05-05,5,2,2018,7,Saturday,125
d1222,2018-05-06,5,2,2018,1,Sunday,126
d1223,2018-05-07,5,2,2018,2,Monday,127
d1224,2018-05-08,5,2,2018,3,Tuesday,128
d1225,2018-05-09,5,2,2018,4,Wednesday,129
d1226,2018-05-10,5,2,2018,5,Thursday,130
d1227,2018-05-11,5,2,2018,6,Friday,131
d1228,2018-05-12,5,2,2018,7,Saturday,132
d1229,2018-05-13,5,2,2018,1,Sunday,133
d1230,2018-05-14,5,2,2018,2,Monday,134
d1231,2018-05-15,5,2,2018,3,Tuesday,135
d1232,2018-05-16,5,2,2018,4,Wednesday,136
d1233,2018-05-17,5,2,2018,5,Thursday,137
d1234,2018-05-18,5,2,2018,6,Friday,138
d1235,2018-05-19,5,2,2018,7,Saturday,139
d1236,2018-05-20,5,2,2018,1,Sunday,140
d1237,2018-05-21,5,2,2018,2,Monday,141
d1238,2018-05-22,5,2,2018,3,Tuesday,142
d1239,2018-05-23,5,2,2018,4,Wednesday,143
d1240,2018-05-24,5,2,2018,5,Thursday,144
d1241,2018-05-25,5,2,2018,6,Friday,145
d1242,2018-05-26,5,2,2018,7,Saturday,146
d1243,2018-05-27,5,2,2018,1,Sunday,147
d1244,2018-05-28,5,2,2018,2,Monday,148
d1245,2018-05-29,5,2,2018,3,Tuesday,149
d1246,2018-05-30,5,2,2018,4,Wednesday,150
d1247,2018-05-31,5,2,2018,5,Thursday,151
d1248,2018-06-01,6,2,2018,6,Friday,152
d1249,2018-06-02,6,2,2018,7,Saturday,153
d1250,2018-06-03,6,2,2018,1,Sunday,154
d1251,2018-06-04,6,2,2018,2,Monday,155
d1252,2018-06-05,6,2,2018,3,Tuesday,156
d1253,2018-06-06,6,2,2018,4,Wednesday,157
d1254,2018-06-07,6,2,2018,5,Thursday,158
d1255,2018-06-08,6,2,2018,6,Friday,159
d1256,2018-06-09,6,2,2018,7,Saturday,160
d1257,2018-06-10,6,2,2018,1,Sunday,161
d1258,2018-06-11,6,2,2018,2,Monday,162
d1259,2018-06-12,6,2,2018,3,Tuesday,163
d1260,2018-06-13,6,2,2018,4,Wednesday,164
d1261,2018-06-14,6,2,2018,5,Thursday,165
d1262,2018-06-15,6,2,2018,6,Friday,166
d1263,2018-06-16,6,2,2018,7,Saturday,167
d1264,2018-06-17,6,2,2018,1,Sunday,168
d1265,2018-06-18,6,2,2018,2,Monday,169
d1266,2018-06-19,6,2,2018,3,Tuesday,170
d1267,2018-06-20,6,2,2018,4,Wednesday,171
d1268,2018-06-21,6,2,2018,5,Thursday,172
d1269,2018-06-22,6,2,2018,6,Friday,173
d1270,2018-06-23,6,2,2018,7,Saturday,174
d1271,2018-06-24,6,2,2018,1,Sunday,175
d1272,2018-06-25,6,2,2018,2,Monday,176
d1273,2018-06-26,6,2,2018,3,Tuesday,177
d1274,2018-06-27,6,2,2018,4,Wednesday,178
d1275,2018-06-28,6,2,2018,5,Thursday,179
d1276,2018-06-29,6,2,2018,6,Friday,180
d1277,2018-06-30,6,2,2018,7,Saturday,181
d1278,2018-07-01,7,3,2018,1,Sunday,182
d1279,2018-07-02,7,3,2018,2,Monday,183
d1280,2018-07-03,7,3,2018,3,Tuesday,184
d1281,2018-07-04,7,3,2018,4,Wednesday,185
d1282,2018-07-05,7,3,2018,5,Thursday,186
d1283,2018-07-06,7,3,2018,6,Friday,187
d1284,2018-07-07,7,3,2018,7,Saturday,188
d1285,2018-07-08,7,3,2018,1,Sunday,189
d1286,2018-07-09,7,3,2018,2,Monday,190
d1287,2018-07-10,7,3,2018,3,Tuesday,191
d1288,2018-07-11,7,3,2018,4,Wednesday,192
d1289,2018-07-12,7,3,2018,5,Thursday,193
d1290,2018-07-13,7,3,2018,6,Friday,194
d1291,2018-07-14,7,3,2018,7,Saturday,195
d1292,2018-07-15,7,3,2018,1,Sunday,196
d1293,2018-07-16,7,3,2018,2,Monday,197
d1294,2018-07-17,7,3,2018,3,Tuesday,198
d1295,2018-07-18,7,3,2018,4,Wednesday,199
d1296,2018-07-19,7,3,2018,5,Thursday,200
d1297,2018-07-20,7,3,2018,6,Friday,201
d1298,2018-07-21,7,3,2018,7,Saturday,202
d1299,2018-07-22,7,3,2018,1,Sunday,203
d1300,2018-07-23,7,3,2018,2,Monday,204
d1301,2018-07-24,7,3,2018,3,Tuesday,205
d1302,2018-07-25,7,3,2018,4,Wednesday,206
d1303,2018-07-26,7,3,2018,5,Thursday,207
d1304,2018-07-27,7,3,2018,6,Friday,208
d1305,2018-07-28,7,3,2018,7,Saturday,209
d1306,2018-07-29,7,3,2018,1,Sunday,210
d1307,2018-07-30,7,3,2018,2,Monday,211
d1308,2018-07-31,7,3,2018,3,Tuesday,212
d1309,2018-08-01,8,3,2018,4,Wednesday,213
d1310,2018-08-02,8,3,2018,5,Thursday,214
d1311,2018-08-03,8,3,2018,6,Friday,215
d1312,2018-08-04,8,3,2018,7,Saturday,216
d1313,2018-08-05,8,3,2018,1,Sunday,217
d1314,2018-08-06,8,3,2018,2,Monday,218
d1315,2018-08-07,8,3,2018,3,Tuesday,219
d1316,2018-08-08,8,3,2018,4,Wednesday,220
d1317,2018-08-09,8,3,2018,5,Thursday,221
d1318,2018-08-10,8,3,2018,6,Friday,222
d1319,2018-08-11,8,3,2018,7,Saturday,223
d1320,2018-08-12,8,3,2018,1,Sunday,224
d1321,2018-08-13,8,3,2018,2,Monday,225
d1322,2018-08-14,8,3,2018,3,Tuesday,226
d1323,2018-08-15,8,3,2018,4,Wednesday,227
d1324,2018-08-16,8,3,2018,5,Thursday,228
d1325,2018-08-17,8,3,2018,6,Friday,229
d1326,2018-08-18,8,3,2018,7,Saturday,230
d1327,2018-08-19,8,3,2018,1,Sunday,231
d1328,2018-08-20,8,3,2018,2,Monday,232
d1329,2018-08-21,8,3,2018,3,Tuesday,233
d1330,2018-08-22,8,3,2018,4,Wednesday,234
d1331,2018-08-23,8,3,2018,5,Thursday,235
d1332,2018-08-24,8,3,2018,6,Friday,236
d1333,2018-08-25,8,3,2018,7,Saturday,237
d1334,2018-08-26,8,3,2018,1,Sunday,238
d1335,2018-08-27,8,3,2018,2,Monday,239
d1336,2018-08-28,8,3,2018,3,Tuesday,240
d1337,2018-08-29,8,3,2018,4,Wednesday,241
d1338,2018-08-30,8,3,2018,5,Thursday,242
d1339,2018-08-31,8,3,2018,6,Friday,243
d1340,2018-09-01,9,3,2018,7,Saturday,244
d1341,2018-09-02,9,3,2018,1,Sunday,245
d1342,2018-09-03,9,3,2018,2,Monday,246
d1343,2018-09-04,9,3,2018,3,Tuesday,247
d1344,2018-09-05,9,3,2018,4,Wednesday,248
d1345,2018-09-06,9,3,2018,5,Thursday,249
d1346,2018-09-07,9,3,2018,6,Friday,250
d1347,2018-09-08,9,3,2018,7,Saturday,251
d1348,2018-09-09,9,3,2018,1,Sunday,252
d1349,2018-09-10,9,3,2018,2,Monday,253
d1350,2018-09-11,9,3,2018,3,Tuesday,254
d1351,2018-09-12,9,3,2018,4,Wednesday,255
d1352,2018-09-13,9,3,2018,5,Thursday,256
d1353,2018-09-14,9,3,2018,6,Friday,257
d1354,2018-09-15,9,3,2018,7,Saturday,258
d1355,2018-09-16,9,3,2018,1,Sunday,259
d1356,2018-09-17,9,3,2018,2,Monday,260
d1357,2018-09-18,9,3,2018,3,Tuesday,261
d1358,2018-09-19,9,3,2018,4,Wednesday,262
d1359,2018-09-20,9,3,2018,5,Thursday,263
d1360,2018-09-21,9,3,2018,6,Friday,264
d1361,2018-09-22,9,3,2018,7,Saturday,265
d1362,2018-09-23,9,3,2018,1,Sunday,266
d1363,2018-09-24,9,3,2018,2,Monday,267
d1364,2018-09-25,9,3,2018,3,Tuesday,268
d1365,2018-09-26,9,3,2018,4,Wednesday,269
d1366,2018-09-27,9,3,2018,5,Thursday,270
d1367,2018-09-28,9,3,2018,6,Friday,271
d1368,2018-09-29,9,3,2018,7,Saturday,272
d1369,2018-09-30,9,3,2018,1,Sunday,273
d1370,2018-10-01,10,4,2018,2,Monday,274
d1371,2018-10-02,10,4,2018,3,Tuesday,275
d1372,2018-10-03,10,4,2018,4,Wednesday,276
d1373,2018-10-04,10,4,2018,5,Thursday,277
d1374,2018-10-05,10,4,2018,6,Friday,278
d1375,2018-10-06,10,4,2018,7,Saturday,279
d1376,2018-10-07,10,4,2018,1,Sunday,280
d1377,2018-10-08,10,4,2018,2,Monday,281
d1378,2018-10-09,10,4,2018,3,Tuesday,282
d1379,2018-10-10,10,4,2018,4,Wednesday,283
d1380,2018-10-11,10,4,2018,5,Thursday,284
d1381,2018-10-12,10,4,2018,6,Friday,285
d1382,2018-10-13,10,4,2018,7,Saturday,286
d1383,2018-10-14,10,4,2018,1,Sunday,287
d1384,2018-10-15,10,4,2018,2,Monday,288
d1385,2018-10-16,10,4,2018,3,Tuesday,289
d1386,2018-10-17,10,4,2018,4,Wednesday,290
d1387,2018-10-18,10,4,2018,5,Thursday,291
d1388,2018-10-19,10,4,2018,6,Friday,292
d1389,2018-10-20,10,4,2018,7,Saturday,293
d1390,2018-10-21,10,4,2018,1,Sunday,294
d1391,2018-10-22,10,4,2018,2,Monday,295
d1392,2018-10-23,10,4,2018,3,Tuesday,296
d1393,2018-10-24,10,4,2018,4,Wednesday,297
d1394,2018-10-25,10,4,2018,5,Thursday,298
d1395,2018-10-26,10,4,2018,6,Friday,299
d1396,2018-10-27,10,4,2018,7,Saturday,300
d1397,2018-10-28,10,4,2018,1,Sunday,301
d1398,2018-10-29,10,4,2018,2,Monday,302
d1399,2018-10-30,10,4,2018,3,Tuesday,303
d1400,2018-10-31,10,4,2018,4,Wednesday,304
d1401,2018-11-01,11,4,2018,5,Thursday,305
d1402,2018-11-02,11,4,2018,6,Friday,306
d1403,2018-11-03,11,4,2018,7,Saturday,307
d1404,2018-11-04,11,4,2018,1,Sunday,308
d1405,2018-11-05,11,4,2018,2,Monday,309
d1406,2018-11-06,11,4,2018,3,Tuesday,310
d1407,2018-11-07,11,4,2018,4,Wednesday,311
d1408,2018-11-08,11,4,2018,5,Thursday,312
d1409,2018-11-09,11,4,2018,6,Friday,313
d1410,2018-11-10,11,4,2018,7,Saturday,314
d1411,2018-11-11,11,4,2018,1,Sunday,315
d1412,2018-11-12,11,4,2018,2,Monday,316
d1413,2018-11-13,11,4,2018,3,Tuesday,317
d1414,2018-11-14,11,4,2018,4,Wednesday,318
d1415,2018-11-15,11,4,2018,5,Thursday,319
d1416,2018-11-16,11,4,2018,6,Friday,320
d1417,2018-11-17,11,4,2018,7,Saturday,321
d1418,2018-11-18,11,4,2018,1,Sunday,322
d1419,2018-11-19,11,4,2018,2,Monday,323
d1420,2018-11-20,11,4,2018,3,Tuesday,324
d1421,2018-11-21,11,4,2018,4,Wednesday,325
d1422,2018-11-22,11,4,2018,5,Thursday,326
d1423,2018-11-23,11,4,2018,6,Friday,327
d1424,2018-11-24,11,4,2018,7,Saturday,328
d1425,2018-11-25,11,4,2018,1,Sunday,329
d1426,2018-11-26,11,4,2018,2,Monday,330
d1427,2018-11-27,11,4,2018,3,Tuesday,331
d1428,2018-11-28,11,4,2018,4,Wednesday,332
d1429,2018-11-29,11,4,2018,5,Thursday,333
d1430,2018-11-30,11,4,2018,6,Friday,334
d1431,2018-12-01,12,4,2018,7,Saturday,335
d1432,2018-12-02,12,4,2018,1,Sunday,336
d1433,2018-12-03,12,4,2018,2,Monday,337
d1434,2018-12-04,12,4,2018,3,Tuesday,338
d1435,2018-12-05,12,4,2018,4,Wednesday,339
d1436,2018-12-06,12,4,2018,5,Thursday,340
d1437,2018-12-07,12,4,2018,6,Friday,341
d1438,2018-12-08,12,4,2018,7,Saturday,342
d1439,2018-12-09,12,4,2018,1,Sunday,343
d1440,2018-12-10,12,4,2018,2,Monday,344
d1441,2018-12-11,12,4,2018,3,Tuesday,345
d1442,2018-12-12,12,4,2018,4,Wednesday,346
d1443,2018-12-13,12,4,2018,5,Thursday,347
d1444,2018-12-14,12,4,2018,6,Friday,348
d1445,2018-12-15,12,4,2018,7,Saturday,349
d1446,2018-12-16,12,4,2018,1,Sunday,350
d1447,2018-12-17,12,4,2018,2,Monday,351
d1448,2018-12-18,12,4,2018,3,Tuesday,352
d1449,2018-12-19,12,4,2018,4,Wednesday,353
d1450,2018-12-20,12,4,2018,5,Thursday,354
d1451,2018-12-21,12,4,2018,6,Friday,355
d1452,2018-12-22,12,4,2018,7,Saturday,356
d1453,2018-12-23,12,4,2018,1,Sunday,357
d1454,2018-12-24,12,4,2018,2,Monday,358
d1455,2018-12-25,12,4,2018,3,Tuesday,359
d1456,2018-12-26,12,4,2018,4,Wednesday,360
d1457,2018-12-27,12,4,2018,5,Thursday,361
d1458,2018-12-28,12,4,2018,6,Friday,362
d1459,2018-12-29,12,4,2018,7,Saturday,363
d1460,2018-12-30,12,4,2018,1,Sunday,364
d1461,2018-12-31,12,4,2018,2,Monday,365
d1462,2019-01-01,1,1,2019,3,Tuesday,1
d1463,2019-01-02,1,1,2019,4,Wednesday,2
d1464,2019-01-03,1,1,2019,5,Thursday,3
d1465,2019-01-04,1,1,2019,6,Friday,4
d1466,2019-01-05,1,1,2019,7,Saturday,5
d1467,2019-01-06,1,1,2019,1,Sunday,6
d1468,2019-01-07,1,1,2019,2,Monday,7
d1469,2019-01-08,1,1,2019,3,Tuesday,8
d1470,2019-01-09,1,1,2019,4,Wednesday,9
d1471,2019-01-10,1,1,2019,5,Thursday,10
d1472,2019-01-11,1,1,2019,6,Friday,11
d1473,2019-01-12,1,1,2019,7,Saturday,12
d1474,2019-01-13,1,1,2019,1,Sunday,13
d1475,2019-01-14,1,1,2019,2,Monday,14
d1476,2019-01-15,1,1,2019,3,Tuesday,15
d1477,2019-01-16,1,1,2019,4,Wednesday,16
d1478,2019-01-17,1,1,2019,5,Thursday,17
d1479,2019-01-18,1,1,2019,6,Friday,18
d1480,2019-01-19,1,1,2019,7,Saturday,19
d1481,2019-01-20,1,1,2019,1,Sunday,20
d1482,2019-01-21,1,1,2019,2,Monday,21
d1483,2019-01-22,1,1,2019,3,Tuesday,22
d1484,2019-01-23,1,1,2019,4,Wednesday,23
d1485,2019-01-24,1,1,2019,5,Thursday,24
d1486,2019-01-25,1,1,2019,6,Friday,25
d1487,2019-01-26,1,1,2019,7,Saturday,26
d1488,2019-01-27,1,1,2019,1,Sunday,27
d1489,2019-01-28,1,1,2019,2,Monday,28
d1490,2019-01-29,1,1,2019,3,Tuesday,29
d1491,2019-01-30,1,1,2019,4,Wednesday,30
d1492,2019-01-31,1,1,2019,5,Thursday,31
d1493,2019-02-01,2,1,2019,6,Friday,32
d1494,2019-02-02,2,1,2019,7,Saturday,33
d1495,2019-02-03,2,1,2019,1,Sunday,34
d1496,2019-02-04,2,1,2019,2,Monday,35
d1497,2019-02-05,2,1,2019,3,Tuesday,36
d1498,2019-02-06,2,1,2019,4,Wednesday,37
d1499,2019-02-07,2,1,2019,5,Thursday,38
d1500,2019-02-08,2,1,2019,6,Friday,39
d1501,2019-02-09,2,1,2019,7,Saturday,40
d1502,2019-02-10,2,1,2019,1,Sunday,41
d1503,2019-02-11,2,1,2019,2,Monday,42
d1504,2019-02-12,2,1,2019,3,Tuesday,43
d1505,2019-02-13,2,1,2019,4,Wednesday,44
d1506,2019-02-14,2,1,2019,5,Thursday,45
d1507,2019-02-15,2,1,2019,6,Friday,46
d1508,2019-02-16,2,1,2019,7,Saturday,47
d1509,2019-02-17,2,1,2019,1,Sunday,48
d1510,2019-02-18,2,1,2019,2,Monday,49
d1511,2019-02-19,2,1,2019,3,Tuesday,50
d1512,2019-02-20,2,1,2019,4,Wednesday,51
d1513,2019-02-21,2,1,2019,5,Thursday,52
d1514,2019-02-22,2,1,2019,6,Friday,53
d1515,2019-02-23,2,1,2019,7,Saturday,54
d1516,2019-02-24,2,1,2019,1,Sunday,55
d1517,2019-02-25,2,1,2019,2,Monday,56
d1518,2019-02-26,2,1,2019,3,Tuesday,57
d1519,2019-02-27,2,1,2019,4,Wednesday,58
d1520,2019-02-28,2,1,2019,5,Thursday,59
d1521,2019-03-01,3,1,2019,6,Friday,60
d1522,2019-03-02,3,1,2019,7,Saturday,61
d1523,2019-03-03,3,1,2019,1,Sunday,62
d1524,2019-03-04,3,1,2019,2,Monday,63
d1525,2019-03-05,3,1,2019,3,Tuesday,64
d1526,2019-03-06,3,1,2019,4,Wednesday,65
d1527,2019-03-07,3,1,2019,5,Thursday,66
d1528,2019-03-08,3,1,2019,6,Friday,67
d1529,2019-03-09,3,1,2019,7,Saturday,68
d1530,2019-03-10,3,1,2019,1,Sunday,69
d1531,2019-03-11,3,1,2019,2,Monday,70
d1532,2019-03-12,3,1,2019,3,Tuesday,71
d1533,2019-03-13,3,1,2019,4,Wednesday,72
d1534,2019-03-14,3,1,2019,5,Thursday,73
d1535,2019-03-15,3,1,2019,6,Friday,74
d1536,2019-03-16,3,1,2019,7,Saturday,75
d1537,2019-03-17,3,1,2019,1,Sunday,76
d1538,2019-03-18,3,1,2019,2,Monday,77
d1539,2019-03-19,3,1,2019,3,Tuesday,78
d1540,2019-03-20,3,1,2019,4,Wednesday,79
d1541,2019-03-21,3,1,2019,5,Thursday,80
d1542,2019-03-22,3,1,2019,6,Friday,81
d1543,2019-03-23,3,1,2019,7,Saturday,82
d1544,2019-03-24,3,1,2019,1,Sunday,83
d1545,2019-03-25,3,1,2019,2,Monday,84
d1546,2019-03-26,3,1,2019,3,Tuesday,85
d1547,2019-03-27,3,1,2019,4,Wednesday,86
d1548,2019-03-28,3,1,2019,5,Thursday,87
d1549,2019-03-29,3,1,2019,6,Friday,88
d1550,2019-03-30,3,1,2019,7,Saturday,89
d1551,2019-03-31,3,1,2019,1,Sunday,90
d1552,2019-04-01,4,2,2019,2,Monday,91
d1553,2019-04-02,4,2,2019,3,Tuesday,92
d1554,2019-04-03,4,2,2019,4,Wednesday,93
d1555,2019-04-04,4,2,2019,5,Thursday,94
d1556,2019-04-05,4,2,2019,6,Friday,95
d1557,2019-04-06,4,2,2019,7,Saturday,96
d1558,2019-04-07,4,2,2019,1,Sunday,97
d1559,2019-04-08,4,2,2019,2,Monday,98
d1560,2019-04-09,4,2,2019,3,Tuesday,99
d1561,2019-04-10,4,2,2019,4,Wednesday,100
d1562,2019-04-11,4,2,2019,5,Thursday,101
d1563,2019-04-12,4,2,2019,6,Friday,102
d1564,2019-04-13,4,2,2019,7,Saturday,103
d1565,2019-04-14,4,2,2019,1,Sunday,104
d1566,2019-04-15,4,2,2019,2,Monday,105
d1567,2019-04-16,4,2,2019,3,Tuesday,106
d1568,2019-04-17,4,2,2019,4,Wednesday,107
d1569,2019-04-18,4,2,2019,5,Thursday,108
d1570,2019-04-19,4,2,2019,6,Friday,109
d1571,2019-04-20,4,2,2019,7,Saturday,110
d1572,2019-04-21,4,2,2019,1,Sunday,111
d1573,2019-04-22,4,2,2019,2,Monday,112
d1574,2019-04-23,4,2,2019,3,Tuesday,113
d1575,2019-04-24,4,2,2019,4,Wednesday,114
d1576,2019-04-25,4,2,2019,5,Thursday,115
d1577,2019-04-26,4,2,2019,6,Friday,116
d1578,2019-04-27,4,2,2019,7,Saturday,117
d1579,2019-04-28,4,2,2019,1,Sunday,118
d1580,2019-04-29,4,2,2019,2,Monday,119
d1581,2019-04-30,4,2,2019,3,Tuesday,120
d1582,2019-05-01,5,2,2019,4,Wednesday,121
d1583,2019-05-02,5,2,2019,5,Thursday,122
d1584,2019-05-03,5,2,2019,6,Friday,123
d1585,2019-05-04,5,2,2019,7,Saturday,124
d1586,2019-05-05,5,2,2019,1,Sunday,125
d1587,2019-05-06,5,2,2019,2,Monday,126
d1588,2019-05-07,5,2,2019,3,Tuesday,127
d1589,2019-05-08,5,2,2019,4,Wednesday,128
d1590,2019-05-09,5,2,2019,5,Thursday,129
d1591,2019-05-10,5,2,2019,6,Friday,130
d1592,2019-05-11,5,2,2019,7,Saturday,131
d1593,2019-05-12,5,2,2019,1,Sunday,132
d1594,2019-05-13,5,2,2019,2,Monday,133
d1595,2019-05-14,5,2,2019,3,Tuesday,134
d1596,2019-05-15,5,2,2019,4,Wednesday,135
d1597,2019-05-16,5,2,2019,5,Thursday,136
d1598,2019-05-17,5,2,2019,6,Friday,137
d1599,2019-05-18,5,2,2019,7,Saturday,138
d1600,2019-05-19,5,2,2019,1,Sunday,139
d1601,2019-05-20,5,2,2019,2,Monday,140
d1602,2019-05-21,5,2,2019,3,Tuesday,141
d1603,2019-05-22,5,2,2019,4,Wednesday,142
d1604,2019-05-23,5,2,2019,5,Thursday,143
d1605,2019-05-24,5,2,2019,6,Friday,144
d1606,2019-05-25,5,2,2019,7,Saturday,145
d1607,2019-05-26,5,2,2019,1,Sunday,146
d1608,2019-05-27,5,2,2019,2,Monday,147
d1609,2019-05-28,5,2,2019,3,Tuesday,148
d1610,2019-05-29,5,2,2019,4,Wednesday,149
d1611,2019-05-30,5,2,2019,5,Thursday,150
d1612,2019-05-31,5,2,2019,6,Friday,151
d1613,2019-06-01,6,2,2019,7,Saturday,152
d1614,2019-06-02,6,2,2019,1,Sunday,153
d1615,2019-06-03,6,2,2019,2,Monday,154
d1616,2019-06-04,6,2,2019,3,Tuesday,155
d1617,2019-06-05,6,2,2019,4,Wednesday,156
d1618,2019-06-06,6,2,2019,5,Thursday,157
d1619,2019-06-07,6,2,2019,6,Friday,158
d1620,2019-06-08,6,2,2019,7,Saturday,159
d1621,2019-06-09,6,2,2019,1,Sunday,160
d1622,2019-06-10,6,2,2019,2,Monday,161
d1623,2019-06-11,6,2,2019,3,Tuesday,162
d1624,2019-06-12,6,2,2019,4,Wednesday,163
d1625,2019-06-13,6,2,2019,5,Thursday,164
d1626,2019-06-14,6,2,2019,6,Friday,165
d1627,2019-06-15,6,2,2019,7,Saturday,166
d1628,2019-06-16,6,2,2019,1,Sunday,167
d1629,2019-06-17,6,2,2019,2,Monday,168
d1630,2019-06-18,6,2,2019,3,Tuesday,169
d1631,2019-06-19,6,2,2019,4,Wednesday,170
d1632,2019-06-20,6,2,2019,5,Thursday,171
d1633,2019-06-21,6,2,2019,6,Friday,172
d1634,2019-06-22,6,2,2019,7,Saturday,173
d1635,2019-06-23,6,2,2019,1,Sunday,174
d1636,2019-06-24,6,2,2019,2,Monday,175
d1637,2019-06-25,6,2,2019,3,Tuesday,176
d1638,2019-06-26,6,2,2019,4,Wednesday,177
d1639,2019-06-27,6,2,2019,5,Thursday,178
d1640,2019-06-28,6,2,2019,6,Friday,179
d1641,2019-06-29,6,2,2019,7,Saturday,180
d1642,2019-06-30,6,2,2019,1,Sunday,181
d1643,2019-07-01,7,3,2019,2,Monday,182
d1644,2019-07-02,7,3,2019,3,Tuesday,183
d1645,2019-07-03,7,3,2019,4,Wednesday,184
d1646,2019-07-04,7,3,2019,5,Thursday,185
d1647,2019-07-05,7,3,2019,6,Friday,186
d1648,2019-07-06,7,3,2019,7,Saturday,187
d1649,2019-07-07,7,3,2019,1,Sunday,188
d1650,2019-07-08,7,3,2019,2,Monday,189
d1651,2019-07-09,7,3,2019,3,Tuesday,190
d1652,2019-07-10,7,3,2019,4,Wednesday,191
d1653,2019-07-11,7,3,2019,5,Thursday,192
d1654,2019-07-12,7,3,2019,6,Friday,193
d1655,2019-07-13,7,3,2019,7,Saturday,194
d1656,2019-07-14,7,3,2019,1,Sunday,195
d1657,2019-07-15,7,3,2019,2,Monday,196
d1658,2019-07-16,7,3,2019,3,Tuesday,197
d1659,2019-07-17,7,3,2019,4,Wednesday,198
d1660,2019-07-18,7,3,2019,5,Thursday,199
d1661,2019-07-19,7,3,2019,6,Friday,200
d1662,2019-07-20,7,3,2019,7,Saturday,201
d1663,2019-07-21,7,3,2019,1,Sunday,202
d1664,2019-07-22,7,3,2019,2,Monday,203
d1665,2019-07-23,7,3,2019,3,Tuesday,204
d1666,2019-07-24,7,3,2019,4,Wednesday,205
d1667,2019-07-25,7,3,2019,5,Thursday,206
d1668,2019-07-26,7,3,2019,6,Friday,207
d1669,2019-07-27,7,3,2019,7,Saturday,208
d1670,2019-07-28,7,3,2019,1,Sunday,209
d1671,2019-07-29,7,3,2019,2,Monday,210
d1672,2019-07-30,7,3,2019,3,Tuesday,211
d1673,2019-07-31,7,3,2019,4,Wednesday,212
d1674,2019-08-01,8,3,2019,5,Thursday,213
d1675,2019-08-02,8,3,2019,6,Friday,214
d1676,2019-08-03,8,3,2019,7,Saturday,215
d1677,2019-08-04,8,3,2019,1,Sunday,216
d1678,2019-08-05,8,3,2019,2,Monday,217
d1679,2019-08-06,8,3,2019,3,Tuesday,218
d1680,2019-08-07,8,3,2019,4,Wednesday,219
d1681,2019-08-08,8,3,2019,5,Thursday,220
d1682,2019-08-09,8,3,2019,6,Friday,221
d1683,2019-08-10,8,3,2019,7,Saturday,222
d1684,2019-08-11,8,3,2019,1,Sunday,223
d1685,2019-08-12,8,3,2019,2,Monday,224
d1686,2019-08-13,8,3,2019,3,Tuesday,225
d1687,2019-08-14,8,3,2019,4,Wednesday,226
d1688,2019-08-15,8,3,2019,5,Thursday,227
d1689,2019-08-16,8,3,2019,6,Friday,228
d1690,2019-08-17,8,3,2019,7,Saturday,229
d1691,2019-08-18,8,3,2019,1,Sunday,230
d1692,2019-08-19,8,3,2019,2,Monday,231
d1693,2019-08-20,8,3,2019,3,Tuesday,232
d1694,2019-08-21,8,3,2019,4,Wednesday,233
d1695,2019-08-22,8,3,2019,5,Thursday,234
d1696,2019-08-23,8,3,2019,6,Friday,235
d1697,2019-08-24,8,3,2019,7,Saturday,236
d1698,2019-08-25,8,3,2019,1,Sunday,237
d1699,2019-08-26,8,3,2019,2,Monday,238
d1700,2019-08-27,8,3,2019,3,Tuesday,239
d1701,2019-08-28,8,3,2019,4,Wednesday,240
d1702,2019-08-29,8,3,2019,5,Thursday,241
d1703,2019-08-30,8,3,2019,6,Friday,242
d1704,2019-08-31,8,3,2019,7,Saturday,243
d1705,2019-09-01,9,3,2019,1,Sunday,244
d1706,2019-09-02,9,3,2019,2,Monday,245
d1707,2019-09-03,9,3,2019,3,Tuesday,246
d1708,2019-09-04,9,3,2019,4,Wednesday,247
d1709,2019-09-05,9,3,2019,5,Thursday,248
d1710,2019-09-06,9,3,2019,6,Friday,249
d1711,2019-09-07,9,3,2019,7,Saturday,250
d1712,2019-09-08,9,3,2019,1,Sunday,251
d1713,2019-09-09,9,3,2019,2,Monday,252
d1714,2019-09-10,9,3,2019,3,Tuesday,253
d1715,2019-09-11,9,3,2019,4,Wednesday,254
d1716,2019-09-12,9,3,2019,5,Thursday,255
d1717,2019-09-13,9,3,2019,6,Friday,256
d1718,2019-09-14,9,3,2019,7,Saturday,257
d1719,2019-09-15,9,3,2019,1,Sunday,258
d1720,2019-09-16,9,3,2019,2,Monday,259
d1721,2019-09-17,9,3,2019,3,Tuesday,260
d1722,2019-09-18,9,3,2019,4,Wednesday,261
d1723,2019-09-19,9,3,2019,5,Thursday,262
d1724,2019-09-20,9,3,2019,6,Friday,263
d1725,2019-09-21,9,3,2019,7,Saturday,264
d1726,2019-09-22,9,3,2019,1,Sunday,265
d1727,2019-09-23,9,3,2019,2,Monday,266
d1728,2019-09-24,9,3,2019,3,Tuesday,267
d1729,2019-09-25,9,3,2019,4,Wednesday,268
d1730,2019-09-26,9,3,2019,5,Thursday,269
d1731,2019-09-27,9,3,2019,6,Friday,270
d1732,2019-09-28,9,3,2019,7,Saturday,271
d1733,2019-09-29,9,3,2019,1,Sunday,272
d1734,2019-09-30,9,3,2019,2,Monday,273
d1735,2019-10-01,10,4,2019,3,Tuesday,274
d1736,2019-10-02,10,4,2019,4,Wednesday,275
d1737,2019-10-03,10,4,2019,5,Thursday,276
d1738,2019-10-04,10,4,2019,6,Friday,277
d1739,2019-10-05,10,4,2019,7,Saturday,278
d1740,2019-10-06,10,4,2019,1,Sunday,279
d1741,2019-10-07,10,4,2019,2,Monday,280
d1742,2019-10-08,10,4,2019,3,Tuesday,281
d1743,2019-10-09,10,4,2019,4,Wednesday,282
d1744,2019-10-10,10,4,2019,5,Thursday,283
d1745,2019-10-11,10,4,2019,6,Friday,284
d1746,2019-10-12,10,4,2019,7,Saturday,285
d1747,2019-10-13,10,4,2019,1,Sunday,286
d1748,2019-10-14,10,4,2019,2,Monday,287
d1749,2019-10-15,10,4,2019,3,Tuesday,288
d1750,2019-10-16,10,4,2019,4,Wednesday,289
d1751,2019-10-17,10,4,2019,5,Thursday,290
d1752,2019-10-18,10,4,2019,6,Friday,291
d1753,2019-10-19,10,4,2019,7,Saturday,292
d1754,2019-10-20,10,4,2019,1,Sunday,293
d1755,2019-10-21,10,4,2019,2,Monday,294
d1756,2019-10-22,10,4,2019,3,Tuesday,295
d1757,2019-10-23,10,4,2019,4,Wednesday,296
d1758,2019-10-24,10,4,2019,5,Thursday,297
d1759,2019-10-25,10,4,2019,6,Friday,298
d1760,2019-10-26,10,4,2019,7,Saturday,299
d1761,2019-10-27,10,4,2019,1,Sunday,300
d1762,2019-10-28,10,4,2019,2,Monday,301
d1763,2019-10-29,10,4,2019,3,Tuesday,302
d1764,2019-10-30,10,4,2019,4,Wednesday,303
d1765,2019-10-31,10,4,2019,5,Thursday,304
d1766,2019-11-01,11,4,2019,6,Friday,305
d1767,2019-11-02,11,4,2019,7,Saturday,306
d1768,2019-11-03,11,4,2019,1,Sunday,307
d1769,2019-11-04,11,4,2019,2,Monday,308
d1770,2019-11-05,11,4,2019,3,Tuesday,309
d1771,2019-11-06,11,4,2019,4,Wednesday,310
d1772,2019-11-07,11,4,2019,5,Thursday,311
d1773,2019-11-08,11,4,2019,6,Friday,312
d1774,2019-11-09,11,4,2019,7,Saturday,313
d1775,2019-11-10,11,4,2019,1,Sunday,314
d1776,2019-11-11,11,4,2019,2,Monday,315
d1777,2019-11-12,11,4,2019,3,Tuesday,316
d1778,2019-11-13,11,4,2019,4,Wednesday,317
d1779,2019-11-14,11,4,2019,5,Thursday,318
d1780,2019-11-15,11,4,2019,6,Friday,319
d1781,2019-11-16,11,4,2019,7,Saturday,320
d1782,2019-11-17,11,4,2019,1,Sunday,321
d1783,2019-11-18,11,4,2019,2,Monday,322
d1784,2019-11-19,11,4,2019,3,Tuesday,323
d1785,2019-11-20,11,4,2019,4,Wednesday,324
d1786,2019-11-21,11,4,2019,5,Thursday,325
d1787,2019-11-22,11,4,2019,6,Friday,326
d1788,2019-11-23,11,4,2019,7,Saturday,327
d1789,2019-11-24,11,4,2019,1,Sunday,328
d1790,2019-11-25,11,4,2019,2,Monday,329
d1791,2019-11-26,11,4,2019,3,Tuesday,330
d1792,2019-11-27,11,4,2019,4,Wednesday,331
d1793,2019-11-28,11,4,2019,5,Thursday,332
d1794,2019-11-29,11,4,2019,6,Friday,333
d1795,2019-11-30,11,4,2019,7,Saturday,334
d1796,2019-12-01,12,4,2019,1,Sunday,335
d1797,2019-12-02,12,4,2019,2,Monday,336
d1798,2019-12-03,12,4,2019,3,Tuesday,337
d1799,2019-12-04,12,4,2019,4,Wednesday,338
d1800,2019-12-05,12,4,2019,5,Thursday,339
d1801,2019-12-06,12,4,2019,6,Friday,340
d1802,2019-12-07,12,4,2019,7,Saturday,341
d1803,2019-12-08,12,4,2019,1,Sunday,342
d1804,2019-12-09,12,4,2019,2,Monday,343
d1805,2019-12-10,12,4,2019,3,Tuesday,344
d1806,2019-12-11,12,4,2019,4,Wednesday,345
d1807,2019-12-12,12,4,2019,5,Thursday,346
d1808,2019-12-13,12,4,2019,6,Friday,347
d1809,2019-12-14,12,4,2019,7,Saturday,348
d1810,2019-12-15,12,4,2019,1,Sunday,349
d1811,2019-12-16,12,4,2019,2,Monday,350
d1812,2019-12-17,12,4,2019,3,Tuesday,351
d1813,2019-12-18,12,4,2019,4,Wednesday,352
d1814,2019-12-19,12,4,2019,5,Thursday,353
d1815,2019-12-20,12,4,2019,6,Friday,354
d1816,2019-12-21,12,4,2019,7,Saturday,355
d1817,2019-12-22,12,4,2019,1,Sunday,356
d1818,2019-12-23,12,4,2019,2,Monday,357
d1819,2019-12-24,12,4,2019,3,Tuesday,358
d1820,2019-12-25,12,4,2019,4,Wednesday,359
d1821,2019-12-26,12,4,2019,5,Thursday,360
d1822,2019-12-27,12,4,2019,6,Friday,361
d1823,2019-12-28,12,4,2019,7,Saturday,362
d1824,2019-12-29,12,4,2019,1,Sunday,363
d1825,2019-12-30,12,4,2019,2,Monday,364
d1826,2019-12-31,12,4,2019,3,Tuesday,365